-- ----------------------------
-- Records of role
-- ----------------------------

DELETE FROM `role`;

INSERT INTO `role`(id, created_time, is_expired, updated_time, role_name) VALUES ('40289609412595090141259513500001', '2013-09-16 15:03:48', '\0', '2013-12-06 04:17:33', 'IT');
INSERT INTO `role`(id, created_time, is_expired, updated_time, role_name) VALUES ('40289609412595090141259513600002', '2013-09-16 15:03:48', '\0', '2013-12-06 04:17:34', 'SYSTEM_ADMIN');
INSERT INTO `role`(id, created_time, is_expired, updated_time, role_name) VALUES ('40289609412595090141259513600003', '2013-09-16 15:03:48', '\0', '2013-12-06 04:17:32', 'EMPLOYEE');
INSERT INTO `role`(id, created_time, is_expired, updated_time, role_name) VALUES ('40289609412595090141259513600004', '2013-09-16 15:03:48', '\0', '2013-12-06 04:17:32', 'MANAGER');
INSERT INTO `role`(id, created_time, is_expired, updated_time, role_name) VALUES ('40289609412595090141259513600005', '2013-09-16 15:03:48', '\0', '2013-12-06 04:17:32', 'SPECIAL_ROLE');

-- ----------------------------
-- Records of authority
-- ----------------------------

DELETE FROM `authority`;

INSERT INTO `authority`(id,created_time,is_expired,updated_time,name) VALUES ('4028961242c61fda0142c61ff20b0000', '2013-12-06 04:17:32', '\0', '2013-12-06 04:17:32', 'Asset:view_own');
INSERT INTO `authority`(id,created_time,is_expired,updated_time,name) VALUES ('4028961242c61fda0142c61ff2e60001', '2013-12-06 04:17:32', '\0', '2013-12-06 04:17:32', 'Asset:view_project');
INSERT INTO `authority`(id,created_time,is_expired,updated_time,name) VALUES ('4028961242c61fda0142c61ff3340002', '2013-12-06 04:17:33', '\0', '2013-12-06 04:17:33', 'Asset:export');
INSERT INTO `authority`(id,created_time,is_expired,updated_time,name) VALUES ('4028961242c61fda0142c61ff3920003', '2013-12-06 04:17:32', '\0', '2013-12-06 04:17:32', 'Asset:apply_asset');
INSERT INTO `authority`(id,created_time,is_expired,updated_time,name) VALUES ('4028961242c61fda0142c61ff4f90004', '2013-12-06 04:17:34', '\0', '2013-12-06 04:17:34', 'Asset:assign_asset');
INSERT INTO `authority`(id,created_time,is_expired,updated_time,name) VALUES ('4028961242c61fda0142c61ff69f0005', '2013-12-06 04:17:34', '\0', '2013-12-06 04:17:34', 'Asset:check_in_asset');
INSERT INTO `authority`(id,created_time,is_expired,updated_time,name) VALUES ('4028961242c61fda0142c61ff6fd0006', '2013-12-06 04:17:34', '\0', '2013-12-06 04:17:34', 'Asset:check_out_asset');
INSERT INTO `authority`(id,created_time,is_expired,updated_time,name) VALUES ('4028961242c61fda0142c61ff75b0007', '2013-12-06 04:17:33', '\0', '2013-12-06 04:17:33', 'Asset:view_all');
INSERT INTO `authority`(id,created_time,is_expired,updated_time,name) VALUES ('4028961242c61fda0142c61ff9000008', '2013-12-06 04:17:34', '\0', '2013-12-06 04:17:34', 'Asset:create');
INSERT INTO `authority`(id,created_time,is_expired,updated_time,name) VALUES ('4028961242c61fda0142c61ff96e0009', '2013-12-06 04:17:34', '\0', '2013-12-06 04:17:34', 'Asset:check_inventory');
INSERT INTO `authority`(id,created_time,is_expired,updated_time,name) VALUES ('4028961242c61fda0142c61ff9cc000a', '2013-12-06 04:17:34', '\0', '2013-12-06 04:17:34', 'Asset:import_asset');
INSERT INTO `authority`(id,created_time,is_expired,updated_time,name) VALUES ('4028961242c61fda0142c61ffa29000b', '2013-12-06 04:17:33', '\0', '2013-12-06 04:17:33', 'TransferLog:*');
INSERT INTO `authority`(id,created_time,is_expired,updated_time,name) VALUES ('4028961242c61fda0142c61ffd75000c', '2013-12-06 04:17:34', '\0', '2013-12-06 04:17:34', 'OperationLog:*');
INSERT INTO `authority`(id,created_time,is_expired,updated_time,name) VALUES ('4028961242c61fda0142c61ffde2000d', '2013-12-06 04:17:34', '\0', '2013-12-06 04:17:34', 'User:*');

-- ----------------------------
-- Records of role_authority
-- ----------------------------

DELETE FROM `role_authority`;

INSERT INTO `role_authority`(role_id,authority_id) VALUES ('40289609412595090141259513600003', '4028961242c61fda0142c61ff20b0000');
INSERT INTO `role_authority`(role_id,authority_id) VALUES ('40289609412595090141259513600003', '4028961242c61fda0142c61ff2e60001');
INSERT INTO `role_authority`(role_id,authority_id) VALUES ('40289609412595090141259513600003', '4028961242c61fda0142c61ff3340002');
INSERT INTO `role_authority`(role_id,authority_id) VALUES ('40289609412595090141259513600003', '4028961242c61fda0142c61ff3920003');
INSERT INTO `role_authority`(role_id,authority_id) VALUES ('40289609412595090141259513600005', '4028961242c61fda0142c61ff20b0000');
INSERT INTO `role_authority`(role_id,authority_id) VALUES ('40289609412595090141259513600005', '4028961242c61fda0142c61ff2e60001');
INSERT INTO `role_authority`(role_id,authority_id) VALUES ('40289609412595090141259513600005', '4028961242c61fda0142c61ff3340002');
INSERT INTO `role_authority`(role_id,authority_id) VALUES ('40289609412595090141259513600005', '4028961242c61fda0142c61ff4f90004');
INSERT INTO `role_authority`(role_id,authority_id) VALUES ('40289609412595090141259513600004', '4028961242c61fda0142c61ff20b0000');
INSERT INTO `role_authority`(role_id,authority_id) VALUES ('40289609412595090141259513600004', '4028961242c61fda0142c61ff2e60001');
INSERT INTO `role_authority`(role_id,authority_id) VALUES ('40289609412595090141259513600004', '4028961242c61fda0142c61ff3340002');
INSERT INTO `role_authority`(role_id,authority_id) VALUES ('40289609412595090141259513600004', '4028961242c61fda0142c61ff4f90004');
INSERT INTO `role_authority`(role_id,authority_id) VALUES ('40289609412595090141259513600004', '4028961242c61fda0142c61ff69f0005');
INSERT INTO `role_authority`(role_id,authority_id) VALUES ('40289609412595090141259513600004', '4028961242c61fda0142c61ff6fd0006');
INSERT INTO `role_authority`(role_id,authority_id) VALUES ('40289609412595090141259513500001', '4028961242c61fda0142c61ff3340002');
INSERT INTO `role_authority`(role_id,authority_id) VALUES ('40289609412595090141259513500001', '4028961242c61fda0142c61ff4f90004');
INSERT INTO `role_authority`(role_id,authority_id) VALUES ('40289609412595090141259513500001', '4028961242c61fda0142c61ff69f0005');
INSERT INTO `role_authority`(role_id,authority_id) VALUES ('40289609412595090141259513500001', '4028961242c61fda0142c61ff75b0007');
INSERT INTO `role_authority`(role_id,authority_id) VALUES ('40289609412595090141259513500001', '4028961242c61fda0142c61ff9000008');
INSERT INTO `role_authority`(role_id,authority_id) VALUES ('40289609412595090141259513500001', '4028961242c61fda0142c61ff96e0009');
INSERT INTO `role_authority`(role_id,authority_id) VALUES ('40289609412595090141259513500001', '4028961242c61fda0142c61ff9cc000a');
INSERT INTO `role_authority`(role_id,authority_id) VALUES ('40289609412595090141259513500001', '4028961242c61fda0142c61ffa29000b');
INSERT INTO `role_authority`(role_id,authority_id) VALUES ('40289609412595090141259513600002', '4028961242c61fda0142c61ff3340002');
INSERT INTO `role_authority`(role_id,authority_id) VALUES ('40289609412595090141259513600002', '4028961242c61fda0142c61ff4f90004');
INSERT INTO `role_authority`(role_id,authority_id) VALUES ('40289609412595090141259513600002', '4028961242c61fda0142c61ff69f0005');
INSERT INTO `role_authority`(role_id,authority_id) VALUES ('40289609412595090141259513600002', '4028961242c61fda0142c61ff6fd0006');
INSERT INTO `role_authority`(role_id,authority_id) VALUES ('40289609412595090141259513600002', '4028961242c61fda0142c61ff75b0007');
INSERT INTO `role_authority`(role_id,authority_id) VALUES ('40289609412595090141259513600002', '4028961242c61fda0142c61ff9000008');
INSERT INTO `role_authority`(role_id,authority_id) VALUES ('40289609412595090141259513600002', '4028961242c61fda0142c61ff96e0009');
INSERT INTO `role_authority`(role_id,authority_id) VALUES ('40289609412595090141259513600002', '4028961242c61fda0142c61ff9cc000a');
INSERT INTO `role_authority`(role_id,authority_id) VALUES ('40289609412595090141259513600002', '4028961242c61fda0142c61ffd75000c');
INSERT INTO `role_authority`(role_id,authority_id) VALUES ('40289609412595090141259513600002', '4028961242c61fda0142c61ffde2000d');

-- ----------------------------
-- Records of custom_column
-- ----------------------------

DELETE FROM `custom_column`;

INSERT INTO `custom_column`(id,created_time,is_expired,updated_time,category_type,column_type,en_name,is_must_show,real_table,sequence,sort_name,width,zh_name,search_column) VALUES ('101', '2013-09-06 00:00:00', '\0', '2013-09-06 00:00:00', 'asset', 'string', 'Asset Id', '', 'Asset', '1', 'assetId', '100', '资产编号', 'assetId');
INSERT INTO `custom_column`(id,created_time,is_expired,updated_time,category_type,column_type,en_name,is_must_show,real_table,sequence,sort_name,width,zh_name,search_column) VALUES ('102', '2013-09-06 00:00:00', '\0', '2013-09-06 00:00:00', 'asset', 'string', 'Asset Name', '', 'Asset', '2', 'assetName', '100', '资产名称', 'assetName');
INSERT INTO `custom_column`(id,created_time,is_expired,updated_time,category_type,column_type,en_name,is_must_show,real_table,sequence,sort_name,width,zh_name,search_column) VALUES ('103', '2013-09-06 00:00:00', '\0', '2013-09-06 00:00:00', 'asset', 'string', 'Asset User', '\0', 'User', '4', 'userName', '100', '用户名称', 'user.userName');
INSERT INTO `custom_column`(id,created_time,is_expired,updated_time,category_type,column_type,en_name,is_must_show,real_table,sequence,sort_name,width,zh_name,search_column) VALUES ('104', '2013-09-06 00:00:00', '\0', '2013-09-06 00:00:00', 'asset', 'string', 'Asset Keeper', '\0', 'Asset', '5', 'keeper', '100', '负责人', 'keeper');
INSERT INTO `custom_column`(id,created_time,is_expired,updated_time,category_type,column_type,en_name,is_must_show,real_table,sequence,sort_name,width,zh_name,search_column) VALUES ('105', '2013-09-06 00:00:00', '\0', '2013-09-06 00:00:00', 'asset', 'string', 'Status', '', 'Asset', '3', 'status', '100', '状态', 'status');
INSERT INTO `custom_column`(id,created_time,is_expired,updated_time,category_type,column_type,en_name,is_must_show,real_table,sequence,sort_name,width,zh_name,search_column) VALUES ('106', '2013-09-06 00:00:00', '\0', '2013-09-06 00:00:00', 'asset', 'string', 'Customer', '\0', 'Customer', '6', 'customerName', '130', '客户', 'customer.customerName');
INSERT INTO `custom_column`(id,created_time,is_expired,updated_time,category_type,column_type,en_name,is_must_show,real_table,sequence,sort_name,width,zh_name,search_column) VALUES ('107', '2013-09-06 00:00:00', '\0', '2013-09-06 00:00:00', 'asset', 'string', 'Project', '\0', 'Project', '7', 'projectName', '100', '项目', 'project.projectName');
INSERT INTO `custom_column`(id,created_time,is_expired,updated_time,category_type,column_type,en_name,is_must_show,real_table,sequence,sort_name,width,zh_name,search_column) VALUES ('108', '2013-09-06 00:00:00', '\0', '2013-09-06 00:00:00', 'asset', 'string', 'Type', '\0', 'Asset', '8', 'type', '100', '类型', 'type');
INSERT INTO `custom_column`(id,created_time,is_expired,updated_time,category_type,column_type,en_name,is_must_show,real_table,sequence,sort_name,width,zh_name,search_column) VALUES ('109', '2013-09-06 00:00:00', '\0', '2013-09-06 00:00:00', 'asset', 'string', 'Bar-code', '\0', 'Asset', '9', 'barCode', '120', '条形码', 'barCode');
INSERT INTO `custom_column`(id,created_time,is_expired,updated_time,category_type,column_type,en_name,is_must_show,real_table,sequence,sort_name,width,zh_name,search_column) VALUES ('110', '2013-09-06 00:00:00', '\0', '2013-09-06 00:00:00', 'asset', 'string', 'Location', '\0', 'Location', '10', 'site', '110', '位置', 'location.site');
INSERT INTO `custom_column`(id,created_time,is_expired,updated_time,category_type,column_type,en_name,is_must_show,real_table,sequence,sort_name,width,zh_name,search_column) VALUES ('111', '2013-09-06 00:00:00', '\0', '2013-09-06 00:00:00', 'asset', 'string', 'Manufacturer', '\0', 'Asset', '11', 'manufacturer', '200', '制造商', 'manufacturer');
INSERT INTO `custom_column`(id,created_time,is_expired,updated_time,category_type,column_type,en_name,is_must_show,real_table,sequence,sort_name,width,zh_name,search_column) VALUES ('112', '2013-09-06 00:00:00', '\0', '2013-09-06 00:00:00', 'asset', 'string', 'Ownership', '\0', 'Asset', '12', 'ownerShip', '200', '所有者', 'ownerShip');
INSERT INTO `custom_column`(id,created_time,is_expired,updated_time,category_type,column_type,en_name,is_must_show,real_table,sequence,sort_name,width,zh_name,search_column) VALUES ('113', '2013-09-06 00:00:00', '\0', '2013-09-06 00:00:00', 'asset', 'string', 'AugmentumEntity', '\0', 'Asset', '13', 'entityName', '200', '公司', 'entityName');
INSERT INTO `custom_column`(id,created_time,is_expired,updated_time,category_type,column_type,en_name,is_must_show,real_table,sequence,sort_name,width,zh_name,search_column) VALUES ('114', '2013-09-06 00:00:00', '\0', '2013-09-06 00:00:00', 'asset', 'string', 'Memo', '\0', 'Asset', '14', 'memo', '200', '简介', 'memo');
INSERT INTO `custom_column`(id,created_time,is_expired,updated_time,category_type,column_type,en_name,is_must_show,real_table,sequence,sort_name,width,zh_name,search_column) VALUES ('115', '2013-09-06 00:00:00', '\0', '2013-09-06 00:00:00', 'asset', 'boolean', 'FixedAssets', '\0', 'Asset', '15', 'fixed', '100', '固定资产', 'fixed');
INSERT INTO `custom_column`(id,created_time,is_expired,updated_time,category_type,column_type,en_name,is_must_show,real_table,sequence,sort_name,width,zh_name,search_column) VALUES ('116', '2013-09-06 00:00:00', '\0', '2013-09-06 00:00:00', 'asset', 'string', 'Series_No', '\0', 'Asset', '16', 'seriesNo', '200', '序列号', 'seriesNo');
INSERT INTO `custom_column`(id,created_time,is_expired,updated_time,category_type,column_type,en_name,is_must_show,real_table,sequence,sort_name,width,zh_name,search_column) VALUES ('117', '2013-09-06 00:00:00', '\0', '2013-09-06 00:00:00', 'asset', 'string', 'Po_No', '\0', 'Asset', '17', 'poNo', '200', '进货号', 'poNo');
INSERT INTO `custom_column`(id,created_time,is_expired,updated_time,category_type,column_type,en_name,is_must_show,real_table,sequence,sort_name,width,zh_name,search_column) VALUES ('118', '2013-09-06 00:00:00', '\0', '2013-09-06 00:00:00', 'asset', 'date', 'Check-in Time', '\0', 'Asset', '18', 'checkInTime', '120', '入库时间', 'checkInTime');
INSERT INTO `custom_column`(id,created_time,is_expired,updated_time,category_type,column_type,en_name,is_must_show,real_table,sequence,sort_name,width,zh_name,search_column) VALUES ('119', '2013-09-06 00:00:00', '\0', '2013-09-06 00:00:00', 'asset', 'date', 'Check-out Time', '\0', 'Asset', '19', 'checkOutTime', '120', '出库时间', 'checkOutTime');
INSERT INTO `custom_column`(id,created_time,is_expired,updated_time,category_type,column_type,en_name,is_must_show,real_table,sequence,sort_name,width,zh_name,search_column) VALUES ('120', '2013-09-06 00:00:00', '\0', '2013-09-06 00:00:00', 'asset', 'string', 'Vendor', '\0', 'Asset', '20', 'vendor', '200', '供应商', 'vendor');
INSERT INTO `custom_column`(id,created_time,is_expired,updated_time,category_type,column_type,en_name,is_must_show,real_table,sequence,sort_name,width,zh_name,search_column) VALUES ('121', '2013-09-06 00:00:00', '\0', '2013-09-06 00:00:00', 'asset', 'date', 'Warranty-Time', '\0', 'Asset', '21', 'warrantyTime', '120', '保修期', 'warrantyTime');
INSERT INTO `custom_column`(id,created_time,is_expired,updated_time,category_type,column_type,en_name,is_must_show,real_table,sequence,sort_name,width,zh_name,search_column) VALUES ('201', '2013-09-06 00:00:00', '\0', '2013-09-06 00:00:00', 'machine', 'string', 'Id', '', 'Asset', '1', 'assetId', '100', '资产编号', 'asset.assetId');
INSERT INTO `custom_column`(id,created_time,is_expired,updated_time,category_type,column_type,en_name,is_must_show,real_table,sequence,sort_name,width,zh_name,search_column) VALUES ('202', '2013-09-06 00:00:00', '\0', '2013-09-06 00:00:00', 'machine', 'string', 'Name', '', 'Asset', '2', 'assetName', '100', '资产名称', 'asset.assetName');
INSERT INTO `custom_column`(id,created_time,is_expired,updated_time,category_type,column_type,en_name,is_must_show,real_table,sequence,sort_name,width,zh_name,search_column) VALUES ('203', '2013-09-06 00:00:00', '\0', '2013-09-06 00:00:00', 'machine', 'string', 'User', '\0', 'User', '4', 'userName', '100', '用户名称', 'asset.user.userName');
INSERT INTO `custom_column`(id,created_time,is_expired,updated_time,category_type,column_type,en_name,is_must_show,real_table,sequence,sort_name,width,zh_name,search_column) VALUES ('204', '2013-09-06 00:00:00', '\0', '2013-09-06 00:00:00', 'machine', 'string', 'Keeper', '\0', 'Asset', '5', 'keeper', '100', '负责人', 'asset.keeper');
INSERT INTO `custom_column`(id,created_time,is_expired,updated_time,category_type,column_type,en_name,is_must_show,real_table,sequence,sort_name,width,zh_name,search_column) VALUES ('205', '2013-09-06 00:00:00', '\0', '2013-09-06 00:00:00', 'machine', 'string', 'Status', '', 'Asset', '3', 'status', '100', '状态', 'asset.status');
INSERT INTO `custom_column`(id,created_time,is_expired,updated_time,category_type,column_type,en_name,is_must_show,real_table,sequence,sort_name,width,zh_name,search_column) VALUES ('206', '2013-09-06 00:00:00', '\0', '2013-09-06 00:00:00', 'machine', 'string', 'Customer', '\0', 'Customer', '6', 'customerName', '130', '客户', 'asset.customer.customerName');
INSERT INTO `custom_column`(id,created_time,is_expired,updated_time,category_type,column_type,en_name,is_must_show,real_table,sequence,sort_name,width,zh_name,search_column) VALUES ('207', '2013-09-06 00:00:00', '\0', '2013-09-06 00:00:00', 'machine', 'string', 'Project', '\0', 'Project', '7', 'projectName', '100', '项目', 'asset.project.projectName');
INSERT INTO `custom_column`(id,created_time,is_expired,updated_time,category_type,column_type,en_name,is_must_show,real_table,sequence,sort_name,width,zh_name,search_column) VALUES ('208', '2013-09-06 00:00:00', '\0', '2013-09-06 00:00:00', 'machine', 'string', 'Type', '\0', 'Asset', '8', 'type', '100', '类型', 'asset.type');
INSERT INTO `custom_column`(id,created_time,is_expired,updated_time,category_type,column_type,en_name,is_must_show,real_table,sequence,sort_name,width,zh_name,search_column) VALUES ('209', '2013-09-06 00:00:00', '\0', '2013-09-06 00:00:00', 'machine', 'string', 'Bar-code', '\0', 'Asset', '9', 'barCode', '120', '条形码', 'asset.barCode');
INSERT INTO `custom_column`(id,created_time,is_expired,updated_time,category_type,column_type,en_name,is_must_show,real_table,sequence,sort_name,width,zh_name,search_column) VALUES ('210', '2013-09-06 00:00:00', '\0', '2013-09-06 00:00:00', 'machine', 'string', 'Location', '\0', 'Location', '10', 'site', '110', '位置', 'asset.location.site');
INSERT INTO `custom_column`(id,created_time,is_expired,updated_time,category_type,column_type,en_name,is_must_show,real_table,sequence,sort_name,width,zh_name,search_column) VALUES ('211', '2013-09-06 00:00:00', '\0', '2013-09-06 00:00:00', 'machine', 'string', 'Manufacturer', '\0', 'Asset', '11', 'manufacturer', '200', '制造商', 'asset.manufacturer');
INSERT INTO `custom_column`(id,created_time,is_expired,updated_time,category_type,column_type,en_name,is_must_show,real_table,sequence,sort_name,width,zh_name,search_column) VALUES ('212', '2013-09-06 00:00:00', '\0', '2013-09-06 00:00:00', 'machine', 'string', 'Ownership', '\0', 'Asset', '12', 'ownerShip', '200', '所有者', 'asset.ownerShip');
INSERT INTO `custom_column`(id,created_time,is_expired,updated_time,category_type,column_type,en_name,is_must_show,real_table,sequence,sort_name,width,zh_name,search_column) VALUES ('213', '2013-09-06 00:00:00', '\0', '2013-09-06 00:00:00', 'machine', 'string', 'AugmentumEntity', '\0', 'Asset', '13', 'entityName', '200', '公司','asset.entityName');
INSERT INTO `custom_column`(id,created_time,is_expired,updated_time,category_type,column_type,en_name,is_must_show,real_table,sequence,sort_name,width,zh_name,search_column) VALUES ('214', '2013-09-06 00:00:00', '\0', '2013-09-06 00:00:00', 'machine', 'string', 'Memo', '\0', 'Asset', '14', 'memo', '200', '简介', 'asset.memo');
INSERT INTO `custom_column`(id,created_time,is_expired,updated_time,category_type,column_type,en_name,is_must_show,real_table,sequence,sort_name,width,zh_name,search_column) VALUES ('215', '2013-09-06 00:00:00', '\0', '2013-09-06 00:00:00', 'machine', 'boolean', 'FixedAssets', '\0', 'Asset', '15', 'fixed', '100', '固定资产', 'asset.fixed');
INSERT INTO `custom_column`(id,created_time,is_expired,updated_time,category_type,column_type,en_name,is_must_show,real_table,sequence,sort_name,width,zh_name,search_column) VALUES ('216', '2013-09-06 00:00:00', '\0', '2013-09-06 00:00:00', 'machine', 'string', 'Series_No', '\0', 'Asset', '16', 'seriesNo', '200', '序列号', 'asset.seriesNo');
INSERT INTO `custom_column`(id,created_time,is_expired,updated_time,category_type,column_type,en_name,is_must_show,real_table,sequence,sort_name,width,zh_name,search_column) VALUES ('217', '2013-09-06 00:00:00', '\0', '2013-09-06 00:00:00', 'machine', 'string', 'Po_No', '\0', 'Asset', '17', 'poNo', '200', '进货号', 'asset.poNo');
INSERT INTO `custom_column`(id,created_time,is_expired,updated_time,category_type,column_type,en_name,is_must_show,real_table,sequence,sort_name,width,zh_name,search_column) VALUES ('218', '2013-09-06 00:00:00', '\0', '2013-09-06 00:00:00', 'machine', 'date', 'Check-in Time', '\0', 'Asset', '18', 'checkInTime', '120', '入库时间', 'asset.checkInTime');
INSERT INTO `custom_column`(id,created_time,is_expired,updated_time,category_type,column_type,en_name,is_must_show,real_table,sequence,sort_name,width,zh_name,search_column) VALUES ('219', '2013-09-06 00:00:00', '\0', '2013-09-06 00:00:00', 'machine', 'date', 'Check-out Time', '\0', 'Asset', '19', 'checkOutTime', '120', '出库时间', 'asset.checkOutTime');
INSERT INTO `custom_column`(id,created_time,is_expired,updated_time,category_type,column_type,en_name,is_must_show,real_table,sequence,sort_name,width,zh_name,search_column) VALUES ('220', '2013-09-06 00:00:00', '\0', '2013-09-06 00:00:00', 'machine', 'string', 'Vendor', '\0', 'Asset', '20', 'vendor', '200', '供应商', 'asset.vendor');
INSERT INTO `custom_column`(id,created_time,is_expired,updated_time,category_type,column_type,en_name,is_must_show,real_table,sequence,sort_name,width,zh_name,search_column) VALUES ('221', '2013-09-06 00:00:00', '\0', '2013-09-06 00:00:00', 'machine', 'date', 'Warranty-Time', '\0', 'Asset', '21', 'warrantyTime', '120', '保修期', 'asset.warrantyTime');
INSERT INTO `custom_column`(id,created_time,is_expired,updated_time,category_type,column_type,en_name,is_must_show,real_table,sequence,sort_name,width,zh_name,search_column) VALUES ('222', '2013-09-06 00:00:00', '\0', '2013-09-06 00:00:00', 'machine', 'string', 'Sub-Type', '\0', 'Machine', '22', 'subTypeName', '120', '子类型', 'subTypeName');
INSERT INTO `custom_column`(id,created_time,is_expired,updated_time,category_type,column_type,en_name,is_must_show,real_table,sequence,sort_name,width,zh_name,search_column) VALUES ('223', '2013-09-06 00:00:00', '\0', '2013-09-06 00:00:00', 'machine', 'string', 'Specification', '\0', 'Machine', '23', 'specification', '200', '规格', 'specification');
INSERT INTO `custom_column`(id,created_time,is_expired,updated_time,category_type,column_type,en_name,is_must_show,real_table,sequence,sort_name,width,zh_name,search_column) VALUES ('224', '2013-09-06 00:00:00', '\0', '2013-09-06 00:00:00', 'machine', 'string', 'Address', '\0', 'Machine', '24', 'address', '200', '网卡地址', 'address');
INSERT INTO `custom_column`(id,created_time,is_expired,updated_time,category_type,column_type,en_name,is_must_show,real_table,sequence,sort_name,width,zh_name,search_column) VALUES ('225', '2013-09-06 00:00:00', '\0', '2013-09-06 00:00:00', 'machine', 'string', 'Configuration', '\0', 'Machine', '25', 'configuration', '200', '附加配置', 'configuration');
INSERT INTO `custom_column`(id,created_time,is_expired,updated_time,category_type,column_type,en_name,is_must_show,real_table,sequence,sort_name,width,zh_name,search_column) VALUES ('301', '2013-09-06 00:00:00', '\0', '2013-09-06 00:00:00', 'monitor', 'string', 'Id', '', 'Asset', '1', 'assetId', '100', '资产编号', 'asset.assetId');
INSERT INTO `custom_column`(id,created_time,is_expired,updated_time,category_type,column_type,en_name,is_must_show,real_table,sequence,sort_name,width,zh_name,search_column) VALUES ('302', '2013-09-06 00:00:00', '\0', '2013-09-06 00:00:00', 'monitor', 'string', 'Name', '', 'Asset', '2', 'assetName', '100', '资产名称', 'asset.assetName');
INSERT INTO `custom_column`(id,created_time,is_expired,updated_time,category_type,column_type,en_name,is_must_show,real_table,sequence,sort_name,width,zh_name,search_column) VALUES ('303', '2013-09-06 00:00:00', '\0', '2013-09-06 00:00:00', 'monitor', 'string', 'User', '\0', 'User', '4', 'userName', '100', '用户名称', 'asset.user.userName');
INSERT INTO `custom_column`(id,created_time,is_expired,updated_time,category_type,column_type,en_name,is_must_show,real_table,sequence,sort_name,width,zh_name,search_column) VALUES ('304', '2013-09-06 00:00:00', '\0', '2013-09-06 00:00:00', 'monitor', 'string', 'Keeper', '\0', 'Asset', '5', 'keeper', '100', '负责人', 'asset.keeper');
INSERT INTO `custom_column`(id,created_time,is_expired,updated_time,category_type,column_type,en_name,is_must_show,real_table,sequence,sort_name,width,zh_name,search_column) VALUES ('305', '2013-09-06 00:00:00', '\0', '2013-09-06 00:00:00', 'monitor', 'string', 'Status', '', 'Asset', '3', 'status', '100', '状态', 'asset.status');
INSERT INTO `custom_column`(id,created_time,is_expired,updated_time,category_type,column_type,en_name,is_must_show,real_table,sequence,sort_name,width,zh_name,search_column) VALUES ('306', '2013-09-06 00:00:00', '\0', '2013-09-06 00:00:00', 'monitor', 'string', 'Customer', '\0', 'Customer', '6', 'customerName', '130', '客户', 'asset.customer.customerName');
INSERT INTO `custom_column`(id,created_time,is_expired,updated_time,category_type,column_type,en_name,is_must_show,real_table,sequence,sort_name,width,zh_name,search_column) VALUES ('307', '2013-09-06 00:00:00', '\0', '2013-09-06 00:00:00', 'monitor', 'string', 'Project', '\0', 'Project', '7', 'projectName', '100', '项目', 'asset.project.projectName');
INSERT INTO `custom_column`(id,created_time,is_expired,updated_time,category_type,column_type,en_name,is_must_show,real_table,sequence,sort_name,width,zh_name,search_column) VALUES ('308', '2013-09-06 00:00:00', '\0', '2013-09-06 00:00:00', 'monitor', 'string', 'Type', '\0', 'Asset', '8', 'type', '100', '类型', 'asset.type');
INSERT INTO `custom_column`(id,created_time,is_expired,updated_time,category_type,column_type,en_name,is_must_show,real_table,sequence,sort_name,width,zh_name,search_column) VALUES ('309', '2013-09-06 00:00:00', '\0', '2013-09-06 00:00:00', 'monitor', 'string', 'Bar-code', '\0', 'Asset', '9', 'barCode', '120', '条形码', 'asset.barCode');
INSERT INTO `custom_column`(id,created_time,is_expired,updated_time,category_type,column_type,en_name,is_must_show,real_table,sequence,sort_name,width,zh_name,search_column) VALUES ('310', '2013-09-06 00:00:00', '\0', '2013-09-06 00:00:00', 'monitor', 'string', 'Location', '\0', 'Location', '10', 'site', '110', '位置', 'asset.location.site');
INSERT INTO `custom_column`(id,created_time,is_expired,updated_time,category_type,column_type,en_name,is_must_show,real_table,sequence,sort_name,width,zh_name,search_column) VALUES ('311', '2013-09-06 00:00:00', '\0', '2013-09-06 00:00:00', 'monitor', 'string', 'Manufacturer', '\0', 'Asset', '11', 'manufacturer', '200', '制造商', 'asset.manufacturer');
INSERT INTO `custom_column`(id,created_time,is_expired,updated_time,category_type,column_type,en_name,is_must_show,real_table,sequence,sort_name,width,zh_name,search_column) VALUES ('312', '2013-09-06 00:00:00', '\0', '2013-09-06 00:00:00', 'monitor', 'string', 'Ownership', '\0', 'Asset', '12', 'ownerShip', '200', '所有者', 'asset.ownerShip');
INSERT INTO `custom_column`(id,created_time,is_expired,updated_time,category_type,column_type,en_name,is_must_show,real_table,sequence,sort_name,width,zh_name,search_column) VALUES ('313', '2013-09-06 00:00:00', '\0', '2013-09-06 00:00:00', 'monitor', 'string', 'AugmentumEntity', '\0', 'Asset', '13', 'entityName', '200', '公司', 'asset.entityName');
INSERT INTO `custom_column`(id,created_time,is_expired,updated_time,category_type,column_type,en_name,is_must_show,real_table,sequence,sort_name,width,zh_name,search_column) VALUES ('314', '2013-09-06 00:00:00', '\0', '2013-09-06 00:00:00', 'monitor', 'string', 'Memo', '\0', 'Asset', '14', 'memo', '200', '简介', 'asset.memo');
INSERT INTO `custom_column`(id,created_time,is_expired,updated_time,category_type,column_type,en_name,is_must_show,real_table,sequence,sort_name,width,zh_name,search_column) VALUES ('315', '2013-09-06 00:00:00', '\0', '2013-09-06 00:00:00', 'monitor', 'boolean', 'FixedAssets', '\0', 'Asset', '15', 'fixed', '100', '固定资产', 'asset.fixed');
INSERT INTO `custom_column`(id,created_time,is_expired,updated_time,category_type,column_type,en_name,is_must_show,real_table,sequence,sort_name,width,zh_name,search_column) VALUES ('316', '2013-09-06 00:00:00', '\0', '2013-09-06 00:00:00', 'monitor', 'string', 'Series_No', '\0', 'Asset', '16', 'seriesNo', '200', '序列号', 'asset.seriesNo');
INSERT INTO `custom_column`(id,created_time,is_expired,updated_time,category_type,column_type,en_name,is_must_show,real_table,sequence,sort_name,width,zh_name,search_column) VALUES ('317', '2013-09-06 00:00:00', '\0', '2013-09-06 00:00:00', 'monitor', 'string', 'Po_No', '\0', 'Asset', '17', 'poNo', '200', '进货号', 'asset.poNo');
INSERT INTO `custom_column`(id,created_time,is_expired,updated_time,category_type,column_type,en_name,is_must_show,real_table,sequence,sort_name,width,zh_name,search_column) VALUES ('318', '2013-09-06 00:00:00', '\0', '2013-09-06 00:00:00', 'monitor', 'date', 'Check-in Time', '\0', 'Asset', '18', 'checkInTime', '120', '入库时间', 'asset.checkInTime');
INSERT INTO `custom_column`(id,created_time,is_expired,updated_time,category_type,column_type,en_name,is_must_show,real_table,sequence,sort_name,width,zh_name,search_column) VALUES ('319', '2013-09-06 00:00:00', '\0', '2013-09-06 00:00:00', 'monitor', 'date', 'Check-out Time', '\0', 'Asset', '19', 'checkOutTime', '120', '出库时间', 'asset.checkOutTime');
INSERT INTO `custom_column`(id,created_time,is_expired,updated_time,category_type,column_type,en_name,is_must_show,real_table,sequence,sort_name,width,zh_name,search_column) VALUES ('320', '2013-09-06 00:00:00', '\0', '2013-09-06 00:00:00', 'monitor', 'string', 'Vendor', '\0', 'Asset', '20', 'vendor', '200', '供应商', 'asset.vendor');
INSERT INTO `custom_column`(id,created_time,is_expired,updated_time,category_type,column_type,en_name,is_must_show,real_table,sequence,sort_name,width,zh_name,search_column) VALUES ('321', '2013-09-06 00:00:00', '\0', '2013-09-06 00:00:00', 'monitor', 'date', 'Warranty-Time', '\0', 'Asset', '21', 'warrantyTime', '120', '保修期', 'asset.warrantyTime');
INSERT INTO `custom_column`(id,created_time,is_expired,updated_time,category_type,column_type,en_name,is_must_show,real_table,sequence,sort_name,width,zh_name,search_column) VALUES ('322', '2013-09-06 00:00:00', '\0', '2013-09-06 00:00:00', 'monitor', 'string', 'Size', '\0', 'Monitor', '22', 'size', '100', '尺寸', 'size');
INSERT INTO `custom_column`(id,created_time,is_expired,updated_time,category_type,column_type,en_name,is_must_show,real_table,sequence,sort_name,width,zh_name,search_column) VALUES ('323', '2013-09-06 00:00:00', '\0', '2013-09-06 00:00:00', 'monitor', 'string', 'Detail-Conf', '\0', 'Monitor', '23', 'detail', '200', '详细配置', 'detail');
INSERT INTO `custom_column`(id,created_time,is_expired,updated_time,category_type,column_type,en_name,is_must_show,real_table,sequence,sort_name,width,zh_name,search_column) VALUES ('401', '2013-09-06 00:00:00', '\0', '2013-09-06 00:00:00', 'device', 'string', 'Id', '', 'Asset', '1', 'assetId', '100', '资产编号', 'asset.assetId');
INSERT INTO `custom_column`(id,created_time,is_expired,updated_time,category_type,column_type,en_name,is_must_show,real_table,sequence,sort_name,width,zh_name,search_column) VALUES ('402', '2013-09-06 00:00:00', '\0', '2013-09-06 00:00:00', 'device', 'string', 'Name', '', 'Asset', '2', 'assetName', '100', '资产名称', 'asset.assetName');
INSERT INTO `custom_column`(id,created_time,is_expired,updated_time,category_type,column_type,en_name,is_must_show,real_table,sequence,sort_name,width,zh_name,search_column) VALUES ('403', '2013-09-06 00:00:00', '\0', '2013-09-06 00:00:00', 'device', 'string', 'User', '\0', 'User', '4', 'userName', '100', '用户名称', 'asset.user.userName');
INSERT INTO `custom_column`(id,created_time,is_expired,updated_time,category_type,column_type,en_name,is_must_show,real_table,sequence,sort_name,width,zh_name,search_column) VALUES ('404', '2013-09-06 00:00:00', '\0', '2013-09-06 00:00:00', 'device', 'string', 'Keeper', '\0', 'Asset', '5', 'keeper', '100', '负责人', 'asset.keeper');
INSERT INTO `custom_column`(id,created_time,is_expired,updated_time,category_type,column_type,en_name,is_must_show,real_table,sequence,sort_name,width,zh_name,search_column) VALUES ('405', '2013-09-06 00:00:00', '\0', '2013-09-06 00:00:00', 'device', 'string', 'Status', '', 'Asset', '3', 'status', '100', '状态', 'asset.status');
INSERT INTO `custom_column`(id,created_time,is_expired,updated_time,category_type,column_type,en_name,is_must_show,real_table,sequence,sort_name,width,zh_name,search_column) VALUES ('406', '2013-09-06 00:00:00', '\0', '2013-09-06 00:00:00', 'device', 'string', 'Customer', '\0', 'Customer', '6', 'customerName', '130', '客户', 'asset.customer.customerName');
INSERT INTO `custom_column`(id,created_time,is_expired,updated_time,category_type,column_type,en_name,is_must_show,real_table,sequence,sort_name,width,zh_name,search_column) VALUES ('407', '2013-09-06 00:00:00', '\0', '2013-09-06 00:00:00', 'device', 'string', 'Project', '\0', 'Project', '7', 'projectName', '100', '项目', 'seet.project.projectName');
INSERT INTO `custom_column`(id,created_time,is_expired,updated_time,category_type,column_type,en_name,is_must_show,real_table,sequence,sort_name,width,zh_name,search_column) VALUES ('408', '2013-09-06 00:00:00', '\0', '2013-09-06 00:00:00', 'device', 'string', 'Type', '\0', 'Asset', '8', 'type', '100', '类型', 'asset.type');
INSERT INTO `custom_column`(id,created_time,is_expired,updated_time,category_type,column_type,en_name,is_must_show,real_table,sequence,sort_name,width,zh_name,search_column) VALUES ('409', '2013-09-06 00:00:00', '\0', '2013-09-06 00:00:00', 'device', 'string', 'Bar-code', '\0', 'Asset', '9', 'barCode', '120', '条形码', 'asset.barCode');
INSERT INTO `custom_column`(id,created_time,is_expired,updated_time,category_type,column_type,en_name,is_must_show,real_table,sequence,sort_name,width,zh_name,search_column) VALUES ('410', '2013-09-06 00:00:00', '\0', '2013-09-06 00:00:00', 'device', 'string', 'Location', '\0', 'Location', '10', 'site', '110', '位置', 'asset.location.site');
INSERT INTO `custom_column`(id,created_time,is_expired,updated_time,category_type,column_type,en_name,is_must_show,real_table,sequence,sort_name,width,zh_name,search_column) VALUES ('411', '2013-09-06 00:00:00', '\0', '2013-09-06 00:00:00', 'device', 'string', 'Manufacturer', '\0', 'Asset', '11', 'manufacturer', '200', '制造商', 'asset.manufacturer');
INSERT INTO `custom_column`(id,created_time,is_expired,updated_time,category_type,column_type,en_name,is_must_show,real_table,sequence,sort_name,width,zh_name,search_column) VALUES ('412', '2013-09-06 00:00:00', '\0', '2013-09-06 00:00:00', 'device', 'string', 'Ownership', '\0', 'Asset', '12', 'ownerShip', '200', '所有者', 'asset.ownerShip');
INSERT INTO `custom_column`(id,created_time,is_expired,updated_time,category_type,column_type,en_name,is_must_show,real_table,sequence,sort_name,width,zh_name,search_column) VALUES ('413', '2013-09-06 00:00:00', '\0', '2013-09-06 00:00:00', 'device', 'string', 'AugmentumEntity', '\0', 'Asset', '13', 'entityName', '200', '公司', 'asset.entityName');
INSERT INTO `custom_column`(id,created_time,is_expired,updated_time,category_type,column_type,en_name,is_must_show,real_table,sequence,sort_name,width,zh_name,search_column) VALUES ('414', '2013-09-06 00:00:00', '\0', '2013-09-06 00:00:00', 'device', 'string', 'Memo', '\0', 'Asset', '14', 'memo', '200', '简介', 'asset.memo');
INSERT INTO `custom_column`(id,created_time,is_expired,updated_time,category_type,column_type,en_name,is_must_show,real_table,sequence,sort_name,width,zh_name,search_column) VALUES ('415', '2013-09-06 00:00:00', '\0', '2013-09-06 00:00:00', 'device', 'boolean', 'FixedAssets', '\0', 'Asset', '15', 'fixed', '100', '固定资产', 'asset.fixed');
INSERT INTO `custom_column`(id,created_time,is_expired,updated_time,category_type,column_type,en_name,is_must_show,real_table,sequence,sort_name,width,zh_name,search_column) VALUES ('416', '2013-09-06 00:00:00', '\0', '2013-09-06 00:00:00', 'device', 'string', 'Series_No', '\0', 'Asset', '16', 'seriesNo', '200', '序列号', 'asset.seriesNo');
INSERT INTO `custom_column`(id,created_time,is_expired,updated_time,category_type,column_type,en_name,is_must_show,real_table,sequence,sort_name,width,zh_name,search_column) VALUES ('417', '2013-09-06 00:00:00', '\0', '2013-09-06 00:00:00', 'device', 'string', 'Po_No', '\0', 'Asset', '17', 'poNo', '200', '进货号', 'asset.poNo');
INSERT INTO `custom_column`(id,created_time,is_expired,updated_time,category_type,column_type,en_name,is_must_show,real_table,sequence,sort_name,width,zh_name,search_column) VALUES ('418', '2013-09-06 00:00:00', '\0', '2013-09-06 00:00:00', 'device', 'date', 'Check-in Time', '\0', 'Asset', '18', 'checkInTime', '120', '入库时间', 'asset.checkInTime');
INSERT INTO `custom_column`(id,created_time,is_expired,updated_time,category_type,column_type,en_name,is_must_show,real_table,sequence,sort_name,width,zh_name,search_column) VALUES ('419', '2013-09-06 00:00:00', '\0', '2013-09-06 00:00:00', 'device', 'date', 'Check-out Time', '\0', 'Asset', '19', 'checkOutTime', '120', '出库时间', 'asset.checkOutTime');
INSERT INTO `custom_column`(id,created_time,is_expired,updated_time,category_type,column_type,en_name,is_must_show,real_table,sequence,sort_name,width,zh_name,search_column) VALUES ('420', '2013-09-06 00:00:00', '\0', '2013-09-06 00:00:00', 'device', 'string', 'Vendor', '\0', 'Asset', '20', 'vendor', '200', '供应商', 'asset.vendor');
INSERT INTO `custom_column`(id,created_time,is_expired,updated_time,category_type,column_type,en_name,is_must_show,real_table,sequence,sort_name,width,zh_name,search_column) VALUES ('421', '2013-09-06 00:00:00', '\0', '2013-09-06 00:00:00', 'device', 'date', 'Warranty-Time', '\0', 'Asset', '21', 'warrantyTime', '120', '保修期', 'asset.warrantyTime');
INSERT INTO `custom_column`(id,created_time,is_expired,updated_time,category_type,column_type,en_name,is_must_show,real_table,sequence,sort_name,width,zh_name,search_column) VALUES ('422', '2013-09-06 00:00:00', '\0', '2013-09-06 00:00:00', 'device', 'string', 'Sub-Type', '\0', 'DeviceSubtype', '22', 'subTypeName', '200', '子类型', 'subTypeName');
INSERT INTO `custom_column`(id,created_time,is_expired,updated_time,category_type,column_type,en_name,is_must_show,real_table,sequence,sort_name,width,zh_name,search_column) VALUES ('423', '2013-09-06 00:00:00', '\0', '2013-09-06 00:00:00', 'device', 'string', 'Configuration', '\0', 'Device', '23', 'configuration', '200', '配置', 'configuration');
INSERT INTO `custom_column`(id,created_time,is_expired,updated_time,category_type,column_type,en_name,is_must_show,real_table,sequence,sort_name,width,zh_name,search_column) VALUES ('501', '2013-09-06 00:00:00', '\0', '2013-09-06 00:00:00', 'other assets', 'string', 'Id', '', 'Asset', '1', 'assetId', '100', '资产编号', 'asset.assetId');
INSERT INTO `custom_column`(id,created_time,is_expired,updated_time,category_type,column_type,en_name,is_must_show,real_table,sequence,sort_name,width,zh_name,search_column) VALUES ('502', '2013-09-06 00:00:00', '\0', '2013-09-06 00:00:00', 'other assets', 'string', 'Name', '', 'Asset', '2', 'assetName', '100', '资产名称', 'asset.assetName');
INSERT INTO `custom_column`(id,created_time,is_expired,updated_time,category_type,column_type,en_name,is_must_show,real_table,sequence,sort_name,width,zh_name,search_column) VALUES ('503', '2013-09-06 00:00:00', '\0', '2013-09-06 00:00:00', 'other assets', 'string', 'User', '\0', 'User', '4', 'userName', '100', '用户名称', 'asset.user.userName');
INSERT INTO `custom_column`(id,created_time,is_expired,updated_time,category_type,column_type,en_name,is_must_show,real_table,sequence,sort_name,width,zh_name,search_column) VALUES ('504', '2013-09-06 00:00:00', '\0', '2013-09-06 00:00:00', 'other assets', 'string', 'Keeper', '\0', 'Asset', '5', 'keeper', '100', '负责人', 'asset.keeper');
INSERT INTO `custom_column`(id,created_time,is_expired,updated_time,category_type,column_type,en_name,is_must_show,real_table,sequence,sort_name,width,zh_name,search_column) VALUES ('505', '2013-09-06 00:00:00', '\0', '2013-09-06 00:00:00', 'other assets', 'string', 'Status', '', 'Asset', '3', 'status', '100', '状态', 'asset.status');
INSERT INTO `custom_column`(id,created_time,is_expired,updated_time,category_type,column_type,en_name,is_must_show,real_table,sequence,sort_name,width,zh_name,search_column) VALUES ('506', '2013-09-06 00:00:00', '\0', '2013-09-06 00:00:00', 'other assets', 'string', 'Customer', '\0', 'Customer', '6', 'customerName', '130', '客户', 'asset.customer.customerName');
INSERT INTO `custom_column`(id,created_time,is_expired,updated_time,category_type,column_type,en_name,is_must_show,real_table,sequence,sort_name,width,zh_name,search_column) VALUES ('507', '2013-09-06 00:00:00', '\0', '2013-09-06 00:00:00', 'other assets', 'string', 'Project', '\0', 'Project', '7', 'projectName', '100', '项目', 'asset.project.projectName');
INSERT INTO `custom_column`(id,created_time,is_expired,updated_time,category_type,column_type,en_name,is_must_show,real_table,sequence,sort_name,width,zh_name,search_column) VALUES ('508', '2013-09-06 00:00:00', '\0', '2013-09-06 00:00:00', 'other assets', 'string', 'Type', '\0', 'Asset', '8', 'type', '100', '类型', 'asset.type');
INSERT INTO `custom_column`(id,created_time,is_expired,updated_time,category_type,column_type,en_name,is_must_show,real_table,sequence,sort_name,width,zh_name,search_column) VALUES ('509', '2013-09-06 00:00:00', '\0', '2013-09-06 00:00:00', 'other assets', 'string', 'Bar-code', '\0', 'Asset', '9', 'barCode', '120', '条形码', 'asset.barCode');
INSERT INTO `custom_column`(id,created_time,is_expired,updated_time,category_type,column_type,en_name,is_must_show,real_table,sequence,sort_name,width,zh_name,search_column) VALUES ('510', '2013-09-06 00:00:00', '\0', '2013-09-06 00:00:00', 'other assets', 'string', 'Location', '\0', 'Location', '10', 'site', '110', '位置', 'asset.location.site');
INSERT INTO `custom_column`(id,created_time,is_expired,updated_time,category_type,column_type,en_name,is_must_show,real_table,sequence,sort_name,width,zh_name,search_column) VALUES ('511', '2013-09-06 00:00:00', '\0', '2013-09-06 00:00:00', 'other assets', 'string', 'Manufacturer', '\0', 'Asset', '11', 'manufacturer', '200', '制造商', 'asset.manufacturer');
INSERT INTO `custom_column`(id,created_time,is_expired,updated_time,category_type,column_type,en_name,is_must_show,real_table,sequence,sort_name,width,zh_name,search_column) VALUES ('512', '2013-09-06 00:00:00', '\0', '2013-09-06 00:00:00', 'other assets', 'string', 'Ownership', '\0', 'Asset', '12', 'ownerShip', '200', '所有者', 'asset.ownerShip');
INSERT INTO `custom_column`(id,created_time,is_expired,updated_time,category_type,column_type,en_name,is_must_show,real_table,sequence,sort_name,width,zh_name,search_column) VALUES ('513', '2013-09-06 00:00:00', '\0', '2013-09-06 00:00:00', 'other assets', 'string', 'AugmentumEntity', '\0', 'Asset', '13', 'entityName', '200', '公司', 'asset.entityName');
INSERT INTO `custom_column`(id,created_time,is_expired,updated_time,category_type,column_type,en_name,is_must_show,real_table,sequence,sort_name,width,zh_name,search_column) VALUES ('514', '2013-09-06 00:00:00', '\0', '2013-09-06 00:00:00', 'other assets', 'string', 'Memo', '\0', 'Asset', '14', 'memo', '200', '简介', 'asset.memo');
INSERT INTO `custom_column`(id,created_time,is_expired,updated_time,category_type,column_type,en_name,is_must_show,real_table,sequence,sort_name,width,zh_name,search_column) VALUES ('515', '2013-09-06 00:00:00', '\0', '2013-09-06 00:00:00', 'other assets', 'boolean', 'FixedAssets', '\0', 'Asset', '15', 'fixed', '100', '固定资产', 'asset.fixed');
INSERT INTO `custom_column`(id,created_time,is_expired,updated_time,category_type,column_type,en_name,is_must_show,real_table,sequence,sort_name,width,zh_name,search_column) VALUES ('516', '2013-09-06 00:00:00', '\0', '2013-09-06 00:00:00', 'other assets', 'string', 'Series_No', '\0', 'Asset', '16', 'seriesNo', '200', '序列号', 'asset.seriesNo');
INSERT INTO `custom_column`(id,created_time,is_expired,updated_time,category_type,column_type,en_name,is_must_show,real_table,sequence,sort_name,width,zh_name,search_column) VALUES ('517', '2013-09-06 00:00:00', '\0', '2013-09-06 00:00:00', 'other assets', 'string', 'Po_No', '\0', 'Asset', '17', 'poNo', '200', '进货号', 'asset.poNo');
INSERT INTO `custom_column`(id,created_time,is_expired,updated_time,category_type,column_type,en_name,is_must_show,real_table,sequence,sort_name,width,zh_name,search_column) VALUES ('518', '2013-09-06 00:00:00', '\0', '2013-09-06 00:00:00', 'other assets', 'date', 'Check-in Time', '\0', 'Asset', '18', 'checkInTime', '120', '入库时间', 'asset.checkInTime');
INSERT INTO `custom_column`(id,created_time,is_expired,updated_time,category_type,column_type,en_name,is_must_show,real_table,sequence,sort_name,width,zh_name,search_column) VALUES ('519', '2013-09-06 00:00:00', '\0', '2013-09-06 00:00:00', 'other assets', 'date', 'Check-out Time', '\0', 'Asset', '19', 'checkOutTime', '120', '出库时间', 'asset.checkOutTime');
INSERT INTO `custom_column`(id,created_time,is_expired,updated_time,category_type,column_type,en_name,is_must_show,real_table,sequence,sort_name,width,zh_name,search_column) VALUES ('520', '2013-09-06 00:00:00', '\0', '2013-09-06 00:00:00', 'other assets', 'string', 'Vendor', '\0', 'Asset', '20', 'vendor', '200', '供应商', 'asset.vendor');
INSERT INTO `custom_column`(id,created_time,is_expired,updated_time,category_type,column_type,en_name,is_must_show,real_table,sequence,sort_name,width,zh_name,search_column) VALUES ('521', '2013-09-06 00:00:00', '\0', '2013-09-06 00:00:00', 'other assets', 'date', 'Warranty-Time', '\0', 'Asset', '21', 'warrantyTime', '120', '保修期', 'asset.warrantyTime');
INSERT INTO `custom_column`(id,created_time,is_expired,updated_time,category_type,column_type,en_name,is_must_show,real_table,sequence,sort_name,width,zh_name,search_column) VALUES ('522', '2013-09-06 00:00:00', '\0', '2013-09-06 00:00:00', 'other assets', 'string', 'Configuration', '\0', 'OtherAssets', '22', 'detail', '200', '详细配置', 'detail');
INSERT INTO `custom_column`(id,created_time,is_expired,updated_time,category_type,column_type,en_name,is_must_show,real_table,sequence,sort_name,width,zh_name,search_column) VALUES ('601', '2013-09-06 00:00:00', '\0', '2013-09-06 00:00:00', 'software', 'string', 'Id', '', 'Asset', '1', 'assetId', '100', '资产编号', 'asset.assetId');
INSERT INTO `custom_column`(id,created_time,is_expired,updated_time,category_type,column_type,en_name,is_must_show,real_table,sequence,sort_name,width,zh_name,search_column) VALUES ('602', '2013-09-06 00:00:00', '\0', '2013-09-06 00:00:00', 'software', 'string', 'Name', '', 'Asset', '2', 'assetName', '100', '资产名称', 'asset.assetName');
INSERT INTO `custom_column`(id,created_time,is_expired,updated_time,category_type,column_type,en_name,is_must_show,real_table,sequence,sort_name,width,zh_name,search_column) VALUES ('603', '2013-09-06 00:00:00', '\0', '2013-09-06 00:00:00', 'software', 'string', 'User', '\0', 'User', '4', 'userName', '100', '用户名称', 'asset.user.userName');
INSERT INTO `custom_column`(id,created_time,is_expired,updated_time,category_type,column_type,en_name,is_must_show,real_table,sequence,sort_name,width,zh_name,search_column) VALUES ('604', '2013-09-06 00:00:00', '\0', '2013-09-06 00:00:00', 'software', 'string', 'Keeper', '\0', 'Asset', '5', 'keeper', '100', '负责人', 'asset.keeper');
INSERT INTO `custom_column`(id,created_time,is_expired,updated_time,category_type,column_type,en_name,is_must_show,real_table,sequence,sort_name,width,zh_name,search_column) VALUES ('605', '2013-09-06 00:00:00', '\0', '2013-09-06 00:00:00', 'software', 'string', 'Status', '', 'Asset', '3', 'status', '100', '状态', 'asset.status');
INSERT INTO `custom_column`(id,created_time,is_expired,updated_time,category_type,column_type,en_name,is_must_show,real_table,sequence,sort_name,width,zh_name,search_column) VALUES ('606', '2013-09-06 00:00:00', '\0', '2013-09-06 00:00:00', 'software', 'string', 'Customer', '\0', 'Customer', '6', 'customerName', '130', '客户', 'aset.customer.customerName');
INSERT INTO `custom_column`(id,created_time,is_expired,updated_time,category_type,column_type,en_name,is_must_show,real_table,sequence,sort_name,width,zh_name,search_column) VALUES ('607', '2013-09-06 00:00:00', '\0', '2013-09-06 00:00:00', 'software', 'string', 'Project', '\0', 'Project', '7', 'projectName', '100', '项目', 'asset.project.projectName');
INSERT INTO `custom_column`(id,created_time,is_expired,updated_time,category_type,column_type,en_name,is_must_show,real_table,sequence,sort_name,width,zh_name,search_column) VALUES ('608', '2013-09-06 00:00:00', '\0', '2013-09-06 00:00:00', 'software', 'string', 'Type', '\0', 'Asset', '8', 'type', '100', '类型', 'asset.type');
INSERT INTO `custom_column`(id,created_time,is_expired,updated_time,category_type,column_type,en_name,is_must_show,real_table,sequence,sort_name,width,zh_name,search_column) VALUES ('609', '2013-09-06 00:00:00', '\0', '2013-09-06 00:00:00', 'software', 'string', 'Bar-code', '\0', 'Asset', '9', 'barCode', '120', '条形码', 'asset.barCode');
INSERT INTO `custom_column`(id,created_time,is_expired,updated_time,category_type,column_type,en_name,is_must_show,real_table,sequence,sort_name,width,zh_name,search_column) VALUES ('610', '2013-09-06 00:00:00', '\0', '2013-09-06 00:00:00', 'software', 'string', 'Location', '\0', 'Location', '10', 'site', '110', '位置', 'location.site');
INSERT INTO `custom_column`(id,created_time,is_expired,updated_time,category_type,column_type,en_name,is_must_show,real_table,sequence,sort_name,width,zh_name,search_column) VALUES ('611', '2013-09-06 00:00:00', '\0', '2013-09-06 00:00:00', 'software', 'string', 'Manufacturer', '\0', 'Asset', '11', 'manufacturer', '200', '制造商', 'asset.manufacturer');
INSERT INTO `custom_column`(id,created_time,is_expired,updated_time,category_type,column_type,en_name,is_must_show,real_table,sequence,sort_name,width,zh_name,search_column) VALUES ('612', '2013-09-06 00:00:00', '\0', '2013-09-06 00:00:00', 'software', 'string', 'Ownership', '\0', 'Asset', '12', 'ownerShip', '200', '所有者', 'asset.ownerShip');
INSERT INTO `custom_column`(id,created_time,is_expired,updated_time,category_type,column_type,en_name,is_must_show,real_table,sequence,sort_name,width,zh_name,search_column) VALUES ('613', '2013-09-06 00:00:00', '\0', '2013-09-06 00:00:00', 'software', 'string', 'AugmentumEntity', '\0', 'Asset', '13', 'entityName', '200', '公司', 'asset.entityName');
INSERT INTO `custom_column`(id,created_time,is_expired,updated_time,category_type,column_type,en_name,is_must_show,real_table,sequence,sort_name,width,zh_name,search_column) VALUES ('614', '2013-09-06 00:00:00', '\0', '2013-09-06 00:00:00', 'software', 'string', 'Memo', '\0', 'Asset', '14', 'memo', '200', '简介', 'asset.memo');
INSERT INTO `custom_column`(id,created_time,is_expired,updated_time,category_type,column_type,en_name,is_must_show,real_table,sequence,sort_name,width,zh_name,search_column) VALUES ('615', '2013-09-06 00:00:00', '\0', '2013-09-06 00:00:00', 'software', 'boolean', 'FixedAssets', '\0', 'Asset', '15', 'fixed', '100', '固定资产', 'asset.fixed');
INSERT INTO `custom_column`(id,created_time,is_expired,updated_time,category_type,column_type,en_name,is_must_show,real_table,sequence,sort_name,width,zh_name,search_column) VALUES ('616', '2013-09-06 00:00:00', '\0', '2013-09-06 00:00:00', 'software', 'string', 'Series_No', '\0', 'Asset', '16', 'seriesNo', '200', '序列号', 'asset.seriesNo');
INSERT INTO `custom_column`(id,created_time,is_expired,updated_time,category_type,column_type,en_name,is_must_show,real_table,sequence,sort_name,width,zh_name,search_column) VALUES ('617', '2013-09-06 00:00:00', '\0', '2013-09-06 00:00:00', 'software', 'string', 'Po_No', '\0', 'Asset', '17', 'poNo', '200', '进货号', 'asset.poNo');
INSERT INTO `custom_column`(id,created_time,is_expired,updated_time,category_type,column_type,en_name,is_must_show,real_table,sequence,sort_name,width,zh_name,search_column) VALUES ('618', '2013-09-06 00:00:00', '\0', '2013-09-06 00:00:00', 'software', 'date', 'Check-in Time', '\0', 'Asset', '18', 'checkInTime', '120', '入库时间', 'asset.checkInTime');
INSERT INTO `custom_column`(id,created_time,is_expired,updated_time,category_type,column_type,en_name,is_must_show,real_table,sequence,sort_name,width,zh_name,search_column) VALUES ('619', '2013-09-06 00:00:00', '\0', '2013-09-06 00:00:00', 'software', 'date', 'Check-out Time', '\0', 'Asset', '19', 'checkOutTime', '120', '出库时间', 'asset.checkOutTime');
INSERT INTO `custom_column`(id,created_time,is_expired,updated_time,category_type,column_type,en_name,is_must_show,real_table,sequence,sort_name,width,zh_name,search_column) VALUES ('620', '2013-09-06 00:00:00', '\0', '2013-09-06 00:00:00', 'software', 'string', 'Version', '\0', 'Software', '20', 'version', '120', '版本', 'version');
INSERT INTO `custom_column`(id,created_time,is_expired,updated_time,category_type,column_type,en_name,is_must_show,real_table,sequence,sort_name,width,zh_name,search_column) VALUES ('621', '2013-09-06 00:00:00', '\0', '2013-09-06 00:00:00', 'software', 'string', 'License-Key', '\0', 'Software', '21', 'licenseKey', '200', '许可证书', 'licenseKey');
INSERT INTO `custom_column`(id,created_time,is_expired,updated_time,category_type,column_type,en_name,is_must_show,real_table,sequence,sort_name,width,zh_name,search_column) VALUES ('622', '2013-09-06 00:00:00', '\0', '2013-09-06 00:00:00', 'software', 'date', 'Deadline', '\0', 'Software', '22', 'softwareExpiredTime', '120', '许可过期时间', 'softwareExpiredTime');
INSERT INTO `custom_column`(id,created_time,is_expired,updated_time,category_type,column_type,en_name,is_must_show,real_table,sequence,sort_name,width,zh_name,search_column) VALUES ('623', '2013-09-06 00:00:00', '\0', '2013-09-06 00:00:00', 'software', 'int', 'Max-Use-Num', '\0', 'Software', '23', 'maxUseNum', '120', '最大用户使用数', 'maxUseNum');
INSERT INTO `custom_column`(id,created_time,is_expired,updated_time,category_type,column_type,en_name,is_must_show,real_table,sequence,sort_name,width,zh_name,search_column) VALUES ('701', '2013-09-06 00:00:00', '\0', '2013-09-06 00:00:00', 'location', 'string', 'Site', '', 'Location', '1', 'site', '200', '地点', 'site');
INSERT INTO `custom_column`(id,created_time,is_expired,updated_time,category_type,column_type,en_name,is_must_show,real_table,sequence,sort_name,width,zh_name,search_column) VALUES ('702', '2013-09-06 00:00:00', '\0', '2013-09-06 00:00:00', 'location', 'string', 'Room', '', 'Location', '2', 'room', '150', '房间', 'room');
INSERT INTO `custom_column`(id,created_time,is_expired,updated_time,category_type,column_type,en_name,is_must_show,real_table,sequence,sort_name,width,zh_name,search_column) VALUES ('703', '2013-09-06 00:00:00', '\0', '2013-09-06 00:00:00', 'location', 'string', 'Operation', '', 'Location', '3', 'operation', '150', '操作', 'operation');
INSERT INTO `custom_column`(id,created_time,is_expired,updated_time,category_type,column_type,en_name,is_must_show,real_table,sequence,sort_name,width,zh_name,search_column) VALUES ('801', '2013-09-06 00:00:00', '\0', '2013-09-06 00:00:00', 'operation log', 'string', 'Operator', '\0', 'OperationLog', '1', 'operatorName', '100', '操作者姓名', 'operatorName');
INSERT INTO `custom_column`(id,created_time,is_expired,updated_time,category_type,column_type,en_name,is_must_show,real_table,sequence,sort_name,width,zh_name,search_column) VALUES ('802', '2013-09-06 00:00:00', '\0', '2013-09-06 00:00:00', 'operation log', 'string', 'Operator Id', '\0', 'OperationLog', '2', 'operatorID', '100', '操作者ID', 'operatorID');
INSERT INTO `custom_column`(id,created_time,is_expired,updated_time,category_type,column_type,en_name,is_must_show,real_table,sequence,sort_name,width,zh_name,search_column) VALUES ('803', '2013-09-06 00:00:00', '\0', '2013-09-06 00:00:00', 'operation log', 'string', 'Operation', '\0', 'OperationLog', '3', 'operation', '250', '操作', 'operation');
INSERT INTO `custom_column`(id,created_time,is_expired,updated_time,category_type,column_type,en_name,is_must_show,real_table,sequence,sort_name,width,zh_name,search_column) VALUES ('804', '2013-09-06 00:00:00', '\0', '2013-09-06 00:00:00', 'operation log', 'string', 'Operation Object', '\0', 'OperationLog', '4', 'operationObject', '150', '操作对象', 'operationObject');
INSERT INTO `custom_column`(id,created_time,is_expired,updated_time,category_type,column_type,en_name,is_must_show,real_table,sequence,sort_name,width,zh_name,search_column) VALUES ('805', '2013-09-06 00:00:00', '\0', '2013-09-06 00:00:00', 'operation log', 'string', 'Operation Object Id', '\0', 'OperationLog', '5', 'operationObjectID', '200', '操作对象ID', 'operationObjectID');
INSERT INTO `custom_column`(id,created_time,is_expired,updated_time,category_type,column_type,en_name,is_must_show,real_table,sequence,sort_name,width,zh_name,search_column) VALUES ('806', '2013-09-06 00:00:00', '\0', '2013-09-06 00:00:00', 'operation log', 'date', 'Time', '\0', 'OperationLog', '6', 'createdTime', '120', '时间', 'createdTime');
INSERT INTO `custom_column`(id,created_time,is_expired,updated_time,category_type,column_type,en_name,is_must_show,real_table,sequence,sort_name,width,zh_name,search_column) VALUES ('901', '2013-09-06 00:00:00', '\0', '2013-09-06 00:00:00', 'transfer log', 'string', 'Id', '\0', 'Asset', '1', 'assetId', '100', '资产编号', 'asset.assetId');
INSERT INTO `custom_column`(id,created_time,is_expired,updated_time,category_type,column_type,en_name,is_must_show,real_table,sequence,sort_name,width,zh_name,search_column) VALUES ('902', '2013-09-06 00:00:00', '\0', '2013-09-06 00:00:00', 'transfer log', 'string', 'Name', '\0', 'Asset', '2', 'assetName', '100', '资产名称', 'asset.assetName');
INSERT INTO `custom_column`(id,created_time,is_expired,updated_time,category_type,column_type,en_name,is_must_show,real_table,sequence,sort_name,width,zh_name,search_column) VALUES ('903', '2013-09-06 00:00:00', '\0', '2013-09-06 00:00:00', 'transfer log', 'string', 'Operator', '\0', 'User', '3', 'userName', '100', '用户名称', 'asset.userName');
INSERT INTO `custom_column`(id,created_time,is_expired,updated_time,category_type,column_type,en_name,is_must_show,real_table,sequence,sort_name,width,zh_name,search_column) VALUES ('904', '2013-09-06 00:00:00', '\0', '2013-09-06 00:00:00', 'transfer log', 'date', 'Time', '\0', 'TransferLog', '4', 'time', '150', '时间', 'time');
INSERT INTO `custom_column`(id,created_time,is_expired,updated_time,category_type,column_type,en_name,is_must_show,real_table,sequence,sort_name,width,zh_name,search_column) VALUES ('905', '2013-09-06 00:00:00', '\0', '2013-09-06 00:00:00', 'transfer log', 'string', 'Action', '\0', 'TransferLog', '5', 'action', '150', '动作', 'action');
INSERT INTO `custom_column`(id,created_time,is_expired,updated_time,category_type,column_type,en_name,is_must_show,real_table,sequence,sort_name,width,zh_name,search_column) VALUES ('906', '2013-09-06 00:00:00', '\0', '2013-09-06 00:00:00', 'transfer log', 'string', 'Manufacturer', '\0', 'Asset', '6', 'manufacturer', '150', '制造商', 'asset.manufacturer');
INSERT INTO `custom_column`(id,created_time,is_expired,updated_time,category_type,column_type,en_name,is_must_show,real_table,sequence,sort_name,width,zh_name,search_column) VALUES ('907', '2013-09-06 00:00:00', '\0', '2013-09-06 00:00:00', 'transfer log', 'string', 'Bar-code', '\0', 'Asset', '7', 'barcode', '120', '条形码', 'asset.barcode');
INSERT INTO `custom_column`(id,created_time,is_expired,updated_time,category_type,column_type,en_name,is_must_show,real_table,sequence,sort_name,width,zh_name,search_column) VALUES ('908', '2013-09-06 00:00:00', '\0', '2013-09-06 00:00:00', 'transfer log', 'date', 'Check-in Time', '\0', 'Asset', '8', 'checkInTime', '100', '入库时间', 'asset.checkInTime');
INSERT INTO `custom_column`(id,created_time,is_expired,updated_time,category_type,column_type,en_name,is_must_show,real_table,sequence,sort_name,width,zh_name,search_column) VALUES ('909', '2013-09-06 00:00:00', '\0', '2013-09-06 00:00:00', 'transfer log', 'string', 'Series_No', '\0', 'Asset', '9', 'seriesNo', '110', '序列号', 'asset.seriesNo');
INSERT INTO `custom_column`(id,created_time,is_expired,updated_time,category_type,column_type,en_name,is_must_show,real_table,sequence,sort_name,width,zh_name,search_column) VALUES ('910', '2013-09-06 00:00:00', '\0', '2013-09-06 00:00:00', 'transfer log', 'string', 'Po_No', '\0', 'Asset', '10', 'poNo', '100', '进货号', 'asset.poNo');
INSERT INTO `custom_column`(id,created_time,is_expired,updated_time,category_type,column_type,en_name,is_must_show,real_table,sequence,sort_name,width,zh_name,search_column) VALUES ('1001', '2013-09-06 00:00:00', '\0', '2013-09-06 00:00:00', 'group', 'string', 'Name', '', 'CustomerGroup', '1', 'name', '100', '组名', 'groupName');
INSERT INTO `custom_column`(id,created_time,is_expired,updated_time,category_type,column_type,en_name,is_must_show,real_table,sequence,sort_name,width,zh_name,search_column) VALUES ('1002', '2013-09-06 00:00:00', '\0', '2013-09-06 00:00:00', 'group', 'string', 'Description', '', 'CustomerGroup', '2', 'description', '150', '描述', 'description');
INSERT INTO `custom_column`(id,created_time,is_expired,updated_time,category_type,column_type,en_name,is_must_show,real_table,sequence,sort_name,width,zh_name,search_column) VALUES ('1003', '2013-09-06 00:00:00', '\0', '2013-09-06 00:00:00', 'group', 'boolean', 'Share', '', 'CustomerGroup', '3', 'share', '100', '共享', 'share');
INSERT INTO `custom_column`(id,created_time,is_expired,updated_time,category_type,column_type,en_name,is_must_show,real_table,sequence,sort_name,width,zh_name,search_column) VALUES ('1004', '2013-09-06 00:00:00', '\0', '2013-09-06 00:00:00', 'group', 'string', 'Customer Name', '', 'Customer', '4', 'customerName', '200', '客户', 'customer.customerName');
INSERT INTO `custom_column`(id,created_time,is_expired,updated_time,category_type,column_type,en_name,is_must_show,real_table,sequence,sort_name,width,zh_name,search_column) VALUES ('1005', '2013-09-06 00:00:00', '\0', '2013-09-06 00:00:00', 'group', 'string', 'Operation', '', 'CustomerGroup', '5', 'operation', '100', '操作', 'operation');
INSERT INTO `custom_column`(id,created_time,is_expired,updated_time,category_type,column_type,en_name,is_must_show,real_table,sequence,sort_name,width,zh_name,search_column) VALUES ('1101', '2013-09-06 00:00:00', '\0', '2013-09-06 00:00:00', 'todo', 'string', 'Asset Id', '', 'Asset', '1', 'assetId', '100', '资产编号', 'asset.assetId');
INSERT INTO `custom_column`(id,created_time,is_expired,updated_time,category_type,column_type,en_name,is_must_show,real_table,sequence,sort_name,width,zh_name,search_column) VALUES ('1102', '2013-09-06 00:00:00', '\0', '2013-09-06 00:00:00', 'todo', 'string', 'Asset Name', '', 'Asset', '2', 'assetName', '100', '资产名称', 'asset.assetName');
INSERT INTO `custom_column`(id,created_time,is_expired,updated_time,category_type,column_type,en_name,is_must_show,real_table,sequence,sort_name,width,zh_name,search_column) VALUES ('1103', '2013-09-06 00:00:00', '\0', '2013-09-06 00:00:00', 'todo', 'string', 'Customer', '\0', 'Customer', '3', 'customer.customerName', '150', '客户', 'customer.customerName');
INSERT INTO `custom_column`(id,created_time,is_expired,updated_time,category_type,column_type,en_name,is_must_show,real_table,sequence,sort_name,width,zh_name,search_column) VALUES ('1104', '2013-09-06 00:00:00', '\0', '2013-09-06 00:00:00', 'todo', 'string', 'Project', '', 'Project', '4', 'project.projectName', '150', '项目', 'project.projectName');
INSERT INTO `custom_column`(id,created_time,is_expired,updated_time,category_type,column_type,en_name,is_must_show,real_table,sequence,sort_name,width,zh_name,search_column) VALUES ('1105', '2013-09-06 00:00:00', '\0', '2013-09-06 00:00:00', 'todo', 'string', 'User', '\0', 'User', '5', 'user.userName', '100', '用户', 'user.userName');
INSERT INTO `custom_column`(id,created_time,is_expired,updated_time,category_type,column_type,en_name,is_must_show,real_table,sequence,sort_name,width,zh_name,search_column) VALUES ('1106', '2013-09-06 00:00:00', '\0', '2013-09-06 00:00:00', 'todo', 'string', 'Type', '\0', 'Asset', '6', 'type', '100', '类型', 'asset.type');
INSERT INTO `custom_column`(id,created_time,is_expired,updated_time,category_type,column_type,en_name,is_must_show,real_table,sequence,sort_name,width,zh_name,search_column) VALUES ('1107', '2013-09-06 00:00:00', '\0', '2013-09-06 00:00:00', 'todo', 'string', 'Status', '', 'Asset', '7', 'status', '200', '状态', 'asset.status');
INSERT INTO `custom_column`(id,created_time,is_expired,updated_time,category_type,column_type,en_name,is_must_show,real_table,sequence,sort_name,width,zh_name,search_column) VALUES ('1108', '2013-09-06 00:00:00', '\0', '2013-09-06 00:00:00', 'todo', 'date', 'ReturnedTime', '\0', 'ToDo', '8', 'returnedTime', '200', '归还日期', 'returned_time');
INSERT INTO `custom_column`(id,created_time,is_expired,updated_time,category_type,column_type,en_name,is_must_show,real_table,sequence,sort_name,width,zh_name,search_column) VALUES ('1109', '2013-09-06 00:00:00', '\0', '2013-09-06 00:00:00', 'todo', 'string', 'Returner', '\0', 'User', '9', 'user.userName', '100', '归还者', 'user.userName');
INSERT INTO `custom_column`(id,created_time,is_expired,updated_time,category_type,column_type,en_name,is_must_show,real_table,sequence,sort_name,width,zh_name,search_column) VALUES ('1110', '2013-09-06 00:00:00', '\0', '2013-09-06 00:00:00', 'todo', 'date', 'ReceivedTime', '\0', 'ToDo', '10', 'receivedTime', '200', '接收日期', 'received_time');
INSERT INTO `custom_column`(id,created_time,is_expired,updated_time,category_type,column_type,en_name,is_must_show,real_table,sequence,sort_name,width,zh_name,search_column) VALUES ('1111', '2013-09-06 00:00:00', '\0', '2013-09-06 00:00:00', 'todo', 'string', 'Receiver', '\0', 'User', '11', 'user.userName', '100', '接收者', 'user.userName');


-- ----------------------------
-- Records of page_size
-- ----------------------------

DELETE FROM `page_size`;

INSERT INTO `page_size`(id, created_time, is_expired, updated_time, category_flag, is_default_value, page_size_value) VALUES ('101', '2013-11-28 09:14:30', '\0', '2013-11-28 09:14:30', '1', '', '10');
INSERT INTO `page_size`(id, created_time, is_expired, updated_time, category_flag, is_default_value, page_size_value) VALUES ('102', '2013-11-28 09:14:30', '\0', '2013-11-28 09:14:30', '1', '\0', '20');
INSERT INTO `page_size`(id, created_time, is_expired, updated_time, category_flag, is_default_value, page_size_value) VALUES ('103', '2013-11-28 09:14:30', '\0', '2013-11-28 09:14:30', '1', '\0', '30');
INSERT INTO `page_size`(id, created_time, is_expired, updated_time, category_flag, is_default_value, page_size_value) VALUES ('104', '2013-11-28 09:14:30', '\0', '2013-11-28 09:14:30', '1', '\0', '50');
INSERT INTO `page_size`(id, created_time, is_expired, updated_time, category_flag, is_default_value, page_size_value) VALUES ('201', '2013-11-28 09:14:30', '\0', '2013-11-28 09:14:30', '2', '', '10');
INSERT INTO `page_size`(id, created_time, is_expired, updated_time, category_flag, is_default_value, page_size_value) VALUES ('202', '2013-11-28 09:14:30', '\0', '2013-11-28 09:14:30', '2', '\0', '20');
INSERT INTO `page_size`(id, created_time, is_expired, updated_time, category_flag, is_default_value, page_size_value) VALUES ('203', '2013-11-28 09:14:30', '\0', '2013-11-28 09:14:30', '2', '\0', '30');
INSERT INTO `page_size`(id, created_time, is_expired, updated_time, category_flag, is_default_value, page_size_value) VALUES ('204', '2013-11-28 09:14:30', '\0', '2013-11-28 09:14:30', '2', '\0', '50');
INSERT INTO `page_size`(id, created_time, is_expired, updated_time, category_flag, is_default_value, page_size_value) VALUES ('301', '2013-11-28 09:14:30', '\0', '2013-11-28 09:14:30', '3', '', '10');
INSERT INTO `page_size`(id, created_time, is_expired, updated_time, category_flag, is_default_value, page_size_value) VALUES ('302', '2013-11-28 09:14:30', '\0', '2013-11-28 09:14:30', '3', '\0', '20');
INSERT INTO `page_size`(id, created_time, is_expired, updated_time, category_flag, is_default_value, page_size_value) VALUES ('303', '2013-11-28 09:14:30', '\0', '2013-11-28 09:14:30', '3', '\0', '30');
INSERT INTO `page_size`(id, created_time, is_expired, updated_time, category_flag, is_default_value, page_size_value) VALUES ('304', '2013-11-28 09:14:30', '\0', '2013-11-28 09:14:30', '3', '\0', '50');
INSERT INTO `page_size`(id, created_time, is_expired, updated_time, category_flag, is_default_value, page_size_value) VALUES ('401', '2013-11-28 09:14:30', '\0', '2013-11-28 09:14:30', '4', '', '10');
INSERT INTO `page_size`(id, created_time, is_expired, updated_time, category_flag, is_default_value, page_size_value) VALUES ('402', '2013-11-28 09:14:30', '\0', '2013-11-28 09:14:30', '4', '\0', '20');
INSERT INTO `page_size`(id, created_time, is_expired, updated_time, category_flag, is_default_value, page_size_value) VALUES ('403', '2013-11-28 09:14:30', '\0', '2013-11-28 09:14:30', '4', '\0', '30');
INSERT INTO `page_size`(id, created_time, is_expired, updated_time, category_flag, is_default_value, page_size_value) VALUES ('404', '2013-11-28 09:14:30', '\0', '2013-11-28 09:14:30', '4', '\0', '50');
INSERT INTO `page_size`(id, created_time, is_expired, updated_time, category_flag, is_default_value, page_size_value) VALUES ('501', '2013-11-28 09:14:30', '\0', '2013-11-28 09:14:30', '5', '', '10');
INSERT INTO `page_size`(id, created_time, is_expired, updated_time, category_flag, is_default_value, page_size_value) VALUES ('502', '2013-11-28 09:14:30', '\0', '2013-11-28 09:14:30', '5', '\0', '20');
INSERT INTO `page_size`(id, created_time, is_expired, updated_time, category_flag, is_default_value, page_size_value) VALUES ('503', '2013-11-28 09:14:30', '\0', '2013-11-28 09:14:30', '5', '\0', '30');
INSERT INTO `page_size`(id, created_time, is_expired, updated_time, category_flag, is_default_value, page_size_value) VALUES ('504', '2013-11-28 09:14:30', '\0', '2013-11-28 09:14:30', '5', '\0', '50');
INSERT INTO `page_size`(id, created_time, is_expired, updated_time, category_flag, is_default_value, page_size_value) VALUES ('601', '2013-11-28 09:14:30', '\0', '2013-11-28 09:14:30', '6', '', '10');
INSERT INTO `page_size`(id, created_time, is_expired, updated_time, category_flag, is_default_value, page_size_value) VALUES ('602', '2013-11-28 09:14:30', '\0', '2013-11-28 09:14:30', '6', '\0', '20');
INSERT INTO `page_size`(id, created_time, is_expired, updated_time, category_flag, is_default_value, page_size_value) VALUES ('603', '2013-11-28 09:14:30', '\0', '2013-11-28 09:14:30', '6', '\0', '30');
INSERT INTO `page_size`(id, created_time, is_expired, updated_time, category_flag, is_default_value, page_size_value) VALUES ('604', '2013-11-28 09:14:30', '\0', '2013-11-28 09:14:30', '6', '\0', '50');
INSERT INTO `page_size`(id, created_time, is_expired, updated_time, category_flag, is_default_value, page_size_value) VALUES ('701', '2013-11-28 09:14:30', '\0', '2013-11-28 09:14:30', '7', '', '10');
INSERT INTO `page_size`(id, created_time, is_expired, updated_time, category_flag, is_default_value, page_size_value) VALUES ('702', '2013-11-28 09:14:30', '\0', '2013-11-28 09:14:30', '7', '\0', '20');
INSERT INTO `page_size`(id, created_time, is_expired, updated_time, category_flag, is_default_value, page_size_value) VALUES ('703', '2013-11-28 09:14:30', '\0', '2013-11-28 09:14:30', '7', '\0', '30');
INSERT INTO `page_size`(id, created_time, is_expired, updated_time, category_flag, is_default_value, page_size_value) VALUES ('704', '2013-11-28 09:14:30', '\0', '2013-11-28 09:14:30', '7', '\0', '50');
INSERT INTO `page_size`(id, created_time, is_expired, updated_time, category_flag, is_default_value, page_size_value) VALUES ('801', '2013-11-28 09:14:30', '\0', '2013-11-28 09:14:30', '8', '', '10');
INSERT INTO `page_size`(id, created_time, is_expired, updated_time, category_flag, is_default_value, page_size_value) VALUES ('802', '2013-11-28 09:14:30', '\0', '2013-11-28 09:14:30', '8', '\0', '20');
INSERT INTO `page_size`(id, created_time, is_expired, updated_time, category_flag, is_default_value, page_size_value) VALUES ('803', '2013-11-28 09:14:30', '\0', '2013-11-28 09:14:30', '8', '\0', '30');
INSERT INTO `page_size`(id, created_time, is_expired, updated_time, category_flag, is_default_value, page_size_value) VALUES ('804', '2013-11-28 09:14:30', '\0', '2013-11-28 09:14:30', '8', '\0', '50');
INSERT INTO `page_size`(id, created_time, is_expired, updated_time, category_flag, is_default_value, page_size_value) VALUES ('901', '2013-11-28 09:14:30', '\0', '2013-11-28 09:14:30', '9', '', '10');
INSERT INTO `page_size`(id, created_time, is_expired, updated_time, category_flag, is_default_value, page_size_value) VALUES ('902', '2013-11-28 09:14:30', '\0', '2013-11-28 09:14:30', '9', '\0', '20');
INSERT INTO `page_size`(id, created_time, is_expired, updated_time, category_flag, is_default_value, page_size_value) VALUES ('903', '2013-11-28 09:14:30', '\0', '2013-11-28 09:14:30', '9', '\0', '30');
INSERT INTO `page_size`(id, created_time, is_expired, updated_time, category_flag, is_default_value, page_size_value) VALUES ('904', '2013-11-28 09:14:30', '\0', '2013-11-28 09:14:30', '9', '\0', '50');
INSERT INTO `page_size`(id, created_time, is_expired, updated_time, category_flag, is_default_value, page_size_value) VALUES ('1001', '2013-11-28 09:14:30', '\0', '2013-11-28 09:14:30', '10', '', '10');
INSERT INTO `page_size`(id, created_time, is_expired, updated_time, category_flag, is_default_value, page_size_value) VALUES ('1002', '2013-11-28 09:14:30', '\0', '2013-11-28 09:14:30', '10', '\0', '20');
INSERT INTO `page_size`(id, created_time, is_expired, updated_time, category_flag, is_default_value, page_size_value) VALUES ('1003', '2013-11-28 09:14:30', '\0', '2013-11-28 09:14:30', '10', '\0', '30');
INSERT INTO `page_size`(id, created_time, is_expired, updated_time, category_flag, is_default_value, page_size_value) VALUES ('1004', '2013-11-28 09:14:30', '\0', '2013-11-28 09:14:30', '10', '\0', '50');


DELETE FROM `location`;

-- ----------------------------
-- Records of location
-- ----------------------------
INSERT INTO `location`(id, created_time, is_expired, updated_time,room, site) VALUES ('00002b97-c421-11e2-99ca-fa163e30ed85', '2013-05-24 11:21:18', '\0', '2013-05-24 11:21:18', 'A4205', 'Augmentum Wuhan');
INSERT INTO `location`(id, created_time, is_expired, updated_time,room, site) VALUES ('0000a3df-c421-11e2-99ca-fa163e30ed85', '2013-05-24 11:21:18', '\0', '2013-05-24 11:21:18', 'A4206', 'Augmentum Wuhan');
INSERT INTO `location`(id, created_time, is_expired, updated_time,room, site) VALUES ('00018f67-c421-11e2-99ca-fa163e30ed85', '2013-05-24 11:21:18', '\0', '2013-05-24 11:21:18', 'A4207', 'Augmentum Wuhan');
INSERT INTO `location`(id, created_time, is_expired, updated_time,room, site) VALUES ('000420ba-c421-11e2-99ca-fa163e30ed85', '2013-05-24 11:21:18', '\0', '2013-05-24 11:21:18', 'A4208', 'Augmentum Wuhan');
INSERT INTO `location`(id, created_time, is_expired, updated_time,room, site) VALUES ('0006c724-c421-11e2-99ca-fa163e30ed85', '2013-05-24 11:21:18', '\0', '2013-05-24 11:21:18', 'A4209', 'Augmentum Wuhan');
INSERT INTO `location`(id, created_time, is_expired, updated_time,room, site) VALUES ('0009cff4-c421-11e2-99ca-fa163e30ed85', '2013-05-24 11:21:18', '\0', '2013-05-24 11:21:18', 'A4210', 'Augmentum Wuhan');
INSERT INTO `location`(id, created_time, is_expired, updated_time,room, site) VALUES ('000bbd1a-c421-11e2-99ca-fa163e30ed85', '2013-05-24 11:21:18', '\0', '2013-05-24 11:21:18', 'A4302', 'Augmentum Wuhan');
INSERT INTO `location`(id, created_time, is_expired, updated_time,room, site) VALUES ('00101481-c421-11e2-99ca-fa163e30ed85', '2013-05-24 11:21:18', '\0', '2013-05-24 11:21:18', 'A4303', 'Augmentum Wuhan');
INSERT INTO `location`(id, created_time, is_expired, updated_time,room, site) VALUES ('0010ac85-c421-11e2-99ca-fa163e30ed85', '2013-05-24 11:21:18', '\0', '2013-05-24 11:21:18', 'A4304', 'Augmentum Wuhan');
INSERT INTO `location`(id, created_time, is_expired, updated_time,room, site) VALUES ('0015c65a-c421-11e2-99ca-fa163e30ed85', '2013-05-24 11:21:18', '\0', '2013-05-24 11:21:18', 'A4305', 'Augmentum Wuhan');
INSERT INTO `location`(id, created_time, is_expired, updated_time,room, site) VALUES ('0018b46f-c421-11e2-99ca-fa163e30ed85', '2013-05-24 11:21:18', '\0', '2013-05-24 11:21:18', 'A4306', 'Augmentum Wuhan');
INSERT INTO `location`(id, created_time, is_expired, updated_time,room, site) VALUES ('00196924-c421-11e2-99ca-fa163e30ed85', '2013-05-24 11:21:18', '\0', '2013-05-24 11:21:18', 'A4307', 'Augmentum Wuhan');
INSERT INTO `location`(id, created_time, is_expired, updated_time,room, site) VALUES ('001fa950-c421-11e2-99ca-fa163e30ed85', '2013-05-24 11:21:18', '\0', '2013-05-24 11:21:18', 'A4401', 'Augmentum Wuhan');
INSERT INTO `location`(id, created_time, is_expired, updated_time,room, site) VALUES ('0022c328-c421-11e2-99ca-fa163e30ed85', '2013-05-24 11:21:18', '\0', '2013-05-24 11:21:18', 'A4402', 'Augmentum Wuhan');
INSERT INTO `location`(id, created_time, is_expired, updated_time,room, site) VALUES ('0024934a-c421-11e2-99ca-fa163e30ed85', '2013-05-24 11:21:18', '\0', '2013-05-24 11:21:18', 'A4403', 'Augmentum Wuhan');
INSERT INTO `location`(id, created_time, is_expired, updated_time,room, site) VALUES ('0029ab50-c421-11e2-99ca-fa163e30ed85', '2013-05-24 11:21:19', '\0', '2013-05-24 11:21:19', 'A4404', 'Augmentum Wuhan');
INSERT INTO `location`(id, created_time, is_expired, updated_time,room, site) VALUES ('002afd15-c421-11e2-99ca-fa163e30ed85', '2013-05-24 11:21:19', '\0', '2013-05-24 11:21:19', 'A4405', 'Augmentum Wuhan');
INSERT INTO `location`(id, created_time, is_expired, updated_time,room, site) VALUES ('002b4a18-c421-11e2-99ca-fa163e30ed85', '2013-05-24 11:21:19', '\0', '2013-05-24 11:21:19', 'A4406', 'Augmentum Wuhan');
INSERT INTO `location`(id, created_time, is_expired, updated_time,room, site) VALUES ('002e16c1-c421-11e2-99ca-fa163e30ed85', '2013-05-24 11:21:19', '\0', '2013-05-24 11:21:19', 'A4407', 'Augmentum Wuhan');
INSERT INTO `location`(id, created_time, is_expired, updated_time,room, site) VALUES ('002f536f-c421-11e2-99ca-fa163e30ed85', '2013-05-24 11:21:19', '\0', '2013-05-24 11:21:19', 'A4408', 'Augmentum Wuhan');
INSERT INTO `location`(id, created_time, is_expired, updated_time,room, site) VALUES ('002fc0df-c421-11e2-99ca-fa163e30ed85', '2013-05-24 11:21:19', '\0', '2013-05-24 11:21:19', '101', 'Augmentum Yangzhou');
INSERT INTO `location`(id, created_time, is_expired, updated_time,room, site) VALUES ('0031c1ac-c421-11e2-99ca-fa163e30ed85', '2013-05-24 11:21:19', '\0', '2013-05-24 11:21:19', '102', 'Augmentum Yangzhou');
INSERT INTO `location`(id, created_time, is_expired, updated_time,room, site) VALUES ('0032483f-c421-11e2-99ca-fa163e30ed85', '2013-05-24 11:21:19', '\0', '2013-05-24 11:21:19', '103', 'Augmentum Yangzhou');
INSERT INTO `location`(id, created_time, is_expired, updated_time,room, site) VALUES ('003466dd-c421-11e2-99ca-fa163e30ed85', '2013-05-24 11:21:19', '\0', '2013-05-24 11:21:19', '104', 'Augmentum Yangzhou');
INSERT INTO `location`(id, created_time, is_expired, updated_time,room, site) VALUES ('0034dcbb-c421-11e2-99ca-fa163e30ed85', '2013-05-24 11:21:19', '\0', '2013-05-24 11:21:19', '105', 'Augmentum Yangzhou');
INSERT INTO `location`(id, created_time, is_expired, updated_time,room, site) VALUES ('0038283f-c421-11e2-99ca-fa163e30ed85', '2013-05-24 11:21:19', '\0', '2013-05-24 11:21:19', '106', 'Augmentum Yangzhou');
INSERT INTO `location`(id, created_time, is_expired, updated_time,room, site) VALUES ('00396ae6-c421-11e2-99ca-fa163e30ed85', '2013-05-24 11:21:19', '\0', '2013-05-24 11:21:19', '107', 'Augmentum Yangzhou');
INSERT INTO `location`(id, created_time, is_expired, updated_time,room, site) VALUES ('003bb867-c421-11e2-99ca-fa163e30ed85', '2013-05-24 11:21:19', '\0', '2013-05-24 11:21:19', '108', 'Augmentum Yangzhou');
INSERT INTO `location`(id, created_time, is_expired, updated_time,room, site) VALUES ('003d9c6e-c421-11e2-99ca-fa163e30ed85', '2013-05-24 11:21:19', '\0', '2013-05-24 11:21:19', 'HR', 'Augmentum Yangzhou');
INSERT INTO `location`(id, created_time, is_expired, updated_time,room, site) VALUES ('1', '2014-01-24 11:11:55', '\0', '2014-01-24 11:12:08', '17201', 'Augmentum Shanghai');
INSERT INTO `location`(id, created_time, is_expired, updated_time,room, site) VALUES ('10', '2014-01-24 11:11:55', '\0', '2014-01-24 11:12:08', 'A4309', 'Augmentum Wuhan');
INSERT INTO `location`(id, created_time, is_expired, updated_time,room, site) VALUES ('11', '2014-01-24 11:11:55', '\0', '2014-01-24 11:12:08', '32101', 'Augmentum Yangzhou');
INSERT INTO `location`(id, created_time, is_expired, updated_time,room, site) VALUES ('12', '2014-01-24 11:11:55', '\0', '2014-01-24 11:12:08', '32102', 'Augmentum Yangzhou');
INSERT INTO `location`(id, created_time, is_expired, updated_time,room, site) VALUES ('2', '2014-01-24 11:11:55', '\0', '2014-01-24 11:12:08', '17202', 'Augmentum Shanghai');
INSERT INTO `location`(id, created_time, is_expired, updated_time,room, site) VALUES ('3', '2014-01-24 11:11:55', '\0', '2014-01-24 11:12:08', '17203', 'Augmentum Shanghai');
INSERT INTO `location`(id, created_time, is_expired, updated_time,room, site) VALUES ('4', '2014-01-24 11:11:55', '\0', '2014-01-24 11:12:08', '17204', 'Augmentum Shanghai');
INSERT INTO `location`(id, created_time, is_expired, updated_time,room, site) VALUES ('4028960f43c2157f0143c21692160000', '2014-01-24 02:31:35', '\0', '2014-01-24 02:31:35', 'B17F2 Server Room', 'Augmentum Shanghai');
INSERT INTO `location`(id, created_time, is_expired, updated_time,room, site) VALUES ('4028960f43c2157f0143c216ccbe0003', '2014-01-24 02:31:50', '\0', '2014-01-24 02:31:50', '17115', 'Augmentum Shanghai');
INSERT INTO `location`(id, created_time, is_expired, updated_time,room, site) VALUES ('4028960f43c2157f0143c216fab30006', '2014-01-24 02:32:02', '\0', '2014-01-24 02:32:02', '17307', 'Augmentum Shanghai');
INSERT INTO `location`(id, created_time, is_expired, updated_time,room, site) VALUES ('4028960f43c2157f0143c217015a0009', '2014-01-24 02:32:04', '\0', '2014-01-24 02:32:04', '17112', 'Augmentum Shanghai');
INSERT INTO `location`(id, created_time, is_expired, updated_time,room, site) VALUES ('4028960f43c2157f0143c21706f8000c', '2014-01-24 02:32:05', '\0', '2014-01-24 02:32:05', '18304', 'Augmentum Shanghai');
INSERT INTO `location`(id, created_time, is_expired, updated_time,room, site) VALUES ('4028960f43c2157f0143c2170a15000f', '2014-01-24 02:32:06', '\0', '2014-01-24 02:32:06', 'B17F2 Server Room', 'Augmentum Shanghai');
INSERT INTO `location`(id, created_time, is_expired, updated_time,room, site) VALUES ('4028960f43c2157f0143c2170d510012', '2014-01-24 02:32:07', '\0', '2014-01-24 02:32:07', '17404', 'Augmentum Shanghai');
INSERT INTO `location`(id, created_time, is_expired, updated_time,room, site) VALUES ('4028960f43c2157f0143c217139a0015', '2014-01-24 02:32:08', '\0', '2014-01-24 02:32:08', '17110', 'Augmentum Shanghai');
INSERT INTO `location`(id, created_time, is_expired, updated_time,room, site) VALUES ('4028960f43c2157f0143c217188c0018', '2014-01-24 02:32:10', '\0', '2014-01-24 02:32:10', '17110', 'Augmentum Shanghai');
INSERT INTO `location`(id, created_time, is_expired, updated_time,room, site) VALUES ('4028960f43c2157f0143c2171be7001b', '2014-01-24 02:32:10', '\0', '2014-01-24 02:32:10', '17110', 'Augmentum Shanghai');
INSERT INTO `location`(id, created_time, is_expired, updated_time,room, site) VALUES ('4028960f43c2157f0143c217204c001e', '2014-01-24 02:32:12', '\0', '2014-01-24 02:32:12', '17406', 'Augmentum Shanghai');
INSERT INTO `location`(id, created_time, is_expired, updated_time,room, site) VALUES ('4028960f43c2157f0143c21727410021', '2014-01-24 02:32:13', '\0', '2014-01-24 02:32:13', '17110', 'Augmentum Shanghai');
INSERT INTO `location`(id, created_time, is_expired, updated_time,room, site) VALUES ('4028960f43c2157f0143c2172b580024', '2014-01-24 02:32:14', '\0', '2014-01-24 02:32:14', '17404', 'Augmentum Shanghai');
INSERT INTO `location`(id, created_time, is_expired, updated_time,room, site) VALUES ('4028960f43c2157f0143c21731440027', '2014-01-24 02:32:16', '\0', '2014-01-24 02:32:16', '28306', 'Augmentum Shanghai');
INSERT INTO `location`(id, created_time, is_expired, updated_time,room, site) VALUES ('4028960f43c2157f0143c2173480002a', '2014-01-24 02:32:17', '\0', '2014-01-24 02:32:17', 'yangzhou', 'Augmentum Yangzhou');
INSERT INTO `location`(id, created_time, is_expired, updated_time,room, site) VALUES ('4028960f43c2157f0143c21737cc002d', '2014-01-24 02:32:18', '\0', '2014-01-24 02:32:18', '17406', 'Augmentum Shanghai');
INSERT INTO `location`(id, created_time, is_expired, updated_time,room, site) VALUES ('4028960f43c2157f0143c2173bc30030', '2014-01-24 02:32:19', '\0', '2014-01-24 02:32:19', '17406', 'Augmentum Shanghai');
INSERT INTO `location`(id, created_time, is_expired, updated_time,room, site) VALUES ('4028960f43c2157f0143c2173e440033', '2014-01-24 02:32:19', '\0', '2014-01-24 02:32:19', '17406', 'Augmentum Shanghai');
INSERT INTO `location`(id, created_time, is_expired, updated_time,room, site) VALUES ('4028960f43c2157f0143c21741420036', '2014-01-24 02:32:20', '\0', '2014-01-24 02:32:20', '17312', 'Augmentum Shanghai');
INSERT INTO `location`(id, created_time, is_expired, updated_time,room, site) VALUES ('4028960f43c2157f0143c21743d20039', '2014-01-24 02:32:21', '\0', '2014-01-24 02:32:21', '17312', 'Augmentum Shanghai');
INSERT INTO `location`(id, created_time, is_expired, updated_time,room, site) VALUES ('4028960f43c2157f0143c217472d003c', '2014-01-24 02:32:22', '\0', '2014-01-24 02:32:22', '17406', 'Augmentum Shanghai');
INSERT INTO `location`(id, created_time, is_expired, updated_time,room, site) VALUES ('4028960f43c2157f0143c21749ae003f', '2014-01-24 02:32:22', '\0', '2014-01-24 02:32:22', '17406', 'Augmentum Shanghai');
INSERT INTO `location`(id, created_time, is_expired, updated_time,room, site) VALUES ('4028960f43c2157f0143c21750b30042', '2014-01-24 02:32:24', '\0', '2014-01-24 02:32:24', '17312', 'Augmentum Shanghai');
INSERT INTO `location`(id, created_time, is_expired, updated_time,room, site) VALUES ('4028960f43c2157f0143c21753040045', '2014-01-24 02:32:25', '\0', '2014-01-24 02:32:25', '17312', 'Augmentum Shanghai');
INSERT INTO `location`(id, created_time, is_expired, updated_time,room, site) VALUES ('4028961242c776d30142c78306ce0003', '2013-12-06 10:45:22', '\0', '2013-12-06 10:45:22', '28401', 'IES_SH');
INSERT INTO `location`(id, created_time, is_expired, updated_time,room, site) VALUES ('4028961242c776d30142c78352aa0004', '2013-12-06 10:45:41', '\0', '2013-12-06 10:45:41', '202020', 'IES_WH');
INSERT INTO `location`(id, created_time, is_expired, updated_time,room, site) VALUES ('4028961242c776d30142c78386e70005', '2013-12-06 10:45:55', '\0', '2013-12-06 10:45:55', '10101', 'IES_YZ');
INSERT INTO `location`(id, created_time, is_expired, updated_time,room, site) VALUES ('5', '2014-01-24 11:11:55', '\0', '2014-01-24 11:12:08', '17205', 'Augmentum Shanghai');
INSERT INTO `location`(id, created_time, is_expired, updated_time,room, site) VALUES ('6', '2014-01-24 11:11:55', '\0', '2014-01-24 11:12:08', '17408', 'Augmentum Shanghai');
INSERT INTO `location`(id, created_time, is_expired, updated_time,room, site) VALUES ('7', '2014-01-24 11:11:55', '\0', '2014-01-24 11:12:08', '17409', 'Augmentum Shanghai');
INSERT INTO `location`(id, created_time, is_expired, updated_time,room, site) VALUES ('8', '2014-01-24 11:11:55', '\0', '2014-01-24 11:12:08', 'A4301', 'Augmentum Wuhan');
INSERT INTO `location`(id, created_time, is_expired, updated_time,room, site) VALUES ('9', '2014-01-24 11:11:55', '\0', '2014-01-24 11:12:08', 'A4308', 'Augmentum Wuhan');
INSERT INTO `location`(id, created_time, is_expired, updated_time,room, site) VALUES ('ff5a32e7-c420-11e2-99ca-fa163e30ed85', '2013-05-24 11:21:17', '\0', '2013-05-24 11:21:17', '17100', 'Augmentum Shanghai');
INSERT INTO `location`(id, created_time, is_expired, updated_time,room, site) VALUES ('ff5c0255-c420-11e2-99ca-fa163e30ed85', '2013-05-24 11:21:17', '\0', '2013-05-24 11:21:17', '17101', 'Augmentum Shanghai');
INSERT INTO `location`(id, created_time, is_expired, updated_time,room, site) VALUES ('ff5ede7c-c420-11e2-99ca-fa163e30ed85', '2013-05-24 11:21:17', '\0', '2013-05-24 11:21:17', '17102', 'Augmentum Shanghai');
INSERT INTO `location`(id, created_time, is_expired, updated_time,room, site) VALUES ('ff5f537c-c420-11e2-99ca-fa163e30ed85', '2013-05-24 11:21:17', '\0', '2013-05-24 11:21:17', '17103', 'Augmentum Shanghai');
INSERT INTO `location`(id, created_time, is_expired, updated_time,room, site) VALUES ('ff5fe792-c420-11e2-99ca-fa163e30ed85', '2013-05-24 11:21:17', '\0', '2013-05-24 11:21:17', '17104', 'Augmentum Shanghai');
INSERT INTO `location`(id, created_time, is_expired, updated_time,room, site) VALUES ('ff605845-c420-11e2-99ca-fa163e30ed85', '2013-05-24 11:21:17', '\0', '2013-05-24 11:21:17', '17105', 'Augmentum Shanghai');
INSERT INTO `location`(id, created_time, is_expired, updated_time,room, site) VALUES ('ff612981-c420-11e2-99ca-fa163e30ed85', '2013-05-24 11:21:17', '\0', '2013-05-24 11:21:17', '17106', 'Augmentum Shanghai');
INSERT INTO `location`(id, created_time, is_expired, updated_time,room, site) VALUES ('ff63ce07-c420-11e2-99ca-fa163e30ed85', '2013-05-24 11:21:17', '\0', '2013-05-24 11:21:17', '17107', 'Augmentum Shanghai');
INSERT INTO `location`(id, created_time, is_expired, updated_time,room, site) VALUES ('ff652093-c420-11e2-99ca-fa163e30ed85', '2013-05-24 11:21:17', '\0', '2013-05-24 11:21:17', '17108', 'Augmentum Shanghai');
INSERT INTO `location`(id, created_time, is_expired, updated_time,room, site) VALUES ('ff67c2f7-c420-11e2-99ca-fa163e30ed85', '2013-05-24 11:21:17', '\0', '2013-05-24 11:21:17', '17109', 'Augmentum Shanghai');
INSERT INTO `location`(id, created_time, is_expired, updated_time,room, site) VALUES ('ff6858c7-c420-11e2-99ca-fa163e30ed85', '2013-05-24 11:21:17', '\0', '2013-05-24 11:21:17', '17110', 'Augmentum Shanghai');
INSERT INTO `location`(id, created_time, is_expired, updated_time,room, site) VALUES ('ff6b7777-c420-11e2-99ca-fa163e30ed85', '2013-05-24 11:21:17', '\0', '2013-05-24 11:21:17', '17111', 'Augmentum Shanghai');
INSERT INTO `location`(id, created_time, is_expired, updated_time,room, site) VALUES ('ff6bfe30-c420-11e2-99ca-fa163e30ed85', '2013-05-24 11:21:17', '\0', '2013-05-24 11:21:17', '17112', 'Augmentum Shanghai');
INSERT INTO `location`(id, created_time, is_expired, updated_time,room, site) VALUES ('ff6cccd6-c420-11e2-99ca-fa163e30ed85', '2013-05-24 11:21:17', '\0', '2013-05-24 11:21:17', '17113', 'Augmentum Shanghai');
INSERT INTO `location`(id, created_time, is_expired, updated_time,room, site) VALUES ('ff72ab71-c420-11e2-99ca-fa163e30ed85', '2013-05-24 11:21:17', '\0', '2013-05-24 11:21:17', '17114', 'Augmentum Shanghai');
INSERT INTO `location`(id, created_time, is_expired, updated_time,room, site) VALUES ('ff7489e5-c420-11e2-99ca-fa163e30ed85', '2013-05-24 11:21:17', '\0', '2013-05-24 11:21:17', '17115', 'Augmentum Shanghai');
INSERT INTO `location`(id, created_time, is_expired, updated_time,room, site) VALUES ('ff77033d-c420-11e2-99ca-fa163e30ed85', '2013-05-24 11:21:17', '\0', '2013-05-24 11:21:17', '17116', 'Augmentum Shanghai');
INSERT INTO `location`(id, created_time, is_expired, updated_time,room, site) VALUES ('ff77f494-c420-11e2-99ca-fa163e30ed85', '2013-05-24 11:21:17', '\0', '2013-05-24 11:21:17', '17117', 'Augmentum Shanghai');
INSERT INTO `location`(id, created_time, is_expired, updated_time,room, site) VALUES ('ff786988-c420-11e2-99ca-fa163e30ed85', '2013-05-24 11:21:17', '\0', '2013-05-24 11:21:17', '17118', 'Augmentum Shanghai');
INSERT INTO `location`(id, created_time, is_expired, updated_time,room, site) VALUES ('ff7ad337-c420-11e2-99ca-fa163e30ed85', '2013-05-24 11:21:17', '\0', '2013-05-24 11:21:17', '17119', 'Augmentum Shanghai');
INSERT INTO `location`(id, created_time, is_expired, updated_time,room, site) VALUES ('ff80e1e5-c420-11e2-99ca-fa163e30ed85', '2013-05-24 11:21:17', '\0', '2013-05-24 11:21:17', '17120', 'Augmentum Shanghai');
INSERT INTO `location`(id, created_time, is_expired, updated_time,room, site) VALUES ('ff83b8fd-c420-11e2-99ca-fa163e30ed85', '2013-05-24 11:21:17', '\0', '2013-05-24 11:21:17', '17121', 'Augmentum Shanghai');
INSERT INTO `location`(id, created_time, is_expired, updated_time,room, site) VALUES ('ff870d19-c420-11e2-99ca-fa163e30ed85', '2013-05-24 11:21:17', '\0', '2013-05-24 11:21:17', '17122', 'Augmentum Shanghai');
INSERT INTO `location`(id, created_time, is_expired, updated_time,room, site) VALUES ('ff8af98c-c420-11e2-99ca-fa163e30ed85', '2013-05-24 11:21:17', '\0', '2013-05-24 11:21:17', '17123', 'Augmentum Shanghai');
INSERT INTO `location`(id, created_time, is_expired, updated_time,room, site) VALUES ('ff8cc1d9-c420-11e2-99ca-fa163e30ed85', '2013-05-24 11:21:17', '\0', '2013-05-24 11:21:17', '17124', 'Augmentum Shanghai');
INSERT INTO `location`(id, created_time, is_expired, updated_time,room, site) VALUES ('ff8ea671-c420-11e2-99ca-fa163e30ed85', '2013-05-24 11:21:18', '\0', '2013-05-24 11:21:18', '17206', 'Augmentum Shanghai');
INSERT INTO `location`(id, created_time, is_expired, updated_time,room, site) VALUES ('ff91bfb0-c420-11e2-99ca-fa163e30ed85', '2013-05-24 11:21:18', '\0', '2013-05-24 11:21:18', '17207', 'Augmentum Shanghai');
INSERT INTO `location`(id, created_time, is_expired, updated_time,room, site) VALUES ('ff9259c8-c420-11e2-99ca-fa163e30ed85', '2013-05-24 11:21:18', '\0', '2013-05-24 11:21:18', '17208', 'Augmentum Shanghai');
INSERT INTO `location`(id, created_time, is_expired, updated_time,room, site) VALUES ('ff94884b-c420-11e2-99ca-fa163e30ed85', '2013-05-24 11:21:18', '\0', '2013-05-24 11:21:18', '17209', 'Augmentum Shanghai');
INSERT INTO `location`(id, created_time, is_expired, updated_time,room, site) VALUES ('ff9729ed-c420-11e2-99ca-fa163e30ed85', '2013-05-24 11:21:18', '\0', '2013-05-24 11:21:18', '17301', 'Augmentum Shanghai');
INSERT INTO `location`(id, created_time, is_expired, updated_time,room, site) VALUES ('ff9818e9-c420-11e2-99ca-fa163e30ed85', '2013-05-24 11:21:18', '\0', '2013-05-24 11:21:18', '17302', 'Augmentum Shanghai');
INSERT INTO `location`(id, created_time, is_expired, updated_time,room, site) VALUES ('ff9add55-c420-11e2-99ca-fa163e30ed85', '2013-05-24 11:21:18', '\0', '2013-05-24 11:21:18', '17303', 'Augmentum Shanghai');
INSERT INTO `location`(id, created_time, is_expired, updated_time,room, site) VALUES ('ff9e82f6-c420-11e2-99ca-fa163e30ed85', '2013-05-24 11:21:18', '\0', '2013-05-24 11:21:18', '17304', 'Augmentum Shanghai');
INSERT INTO `location`(id, created_time, is_expired, updated_time,room, site) VALUES ('ff9f02aa-c420-11e2-99ca-fa163e30ed85', '2013-05-24 11:21:18', '\0', '2013-05-24 11:21:18', '17305', 'Augmentum Shanghai');
INSERT INTO `location`(id, created_time, is_expired, updated_time,room, site) VALUES ('ff9fb11b-c420-11e2-99ca-fa163e30ed85', '2013-05-24 11:21:18', '\0', '2013-05-24 11:21:18', '17306', 'Augmentum Shanghai');
INSERT INTO `location`(id, created_time, is_expired, updated_time,room, site) VALUES ('ffa24127-c420-11e2-99ca-fa163e30ed85', '2013-05-24 11:21:18', '\0', '2013-05-24 11:21:18', '17307', 'Augmentum Shanghai');
INSERT INTO `location`(id, created_time, is_expired, updated_time,room, site) VALUES ('ffa6932c-c420-11e2-99ca-fa163e30ed85', '2013-05-24 11:21:18', '\0', '2013-05-24 11:21:18', '17308', 'Augmentum Shanghai');
INSERT INTO `location`(id, created_time, is_expired, updated_time,room, site) VALUES ('ffa88f1e-c420-11e2-99ca-fa163e30ed85', '2013-05-24 11:21:18', '\0', '2013-05-24 11:21:18', '17309', 'Augmentum Shanghai');
INSERT INTO `location`(id, created_time, is_expired, updated_time,room, site) VALUES ('ffa9db2e-c420-11e2-99ca-fa163e30ed85', '2013-05-24 11:21:18', '\0', '2013-05-24 11:21:18', '17310', 'Augmentum Shanghai');
INSERT INTO `location`(id, created_time, is_expired, updated_time,room, site) VALUES ('ffac797c-c420-11e2-99ca-fa163e30ed85', '2013-05-24 11:21:18', '\0', '2013-05-24 11:21:18', '17311', 'Augmentum Shanghai');
INSERT INTO `location`(id, created_time, is_expired, updated_time,room, site) VALUES ('ffae89ae-c420-11e2-99ca-fa163e30ed85', '2013-05-24 11:21:18', '\0', '2013-05-24 11:21:18', '17312', 'Augmentum Shanghai');
INSERT INTO `location`(id, created_time, is_expired, updated_time,room, site) VALUES ('ffb0dd20-c420-11e2-99ca-fa163e30ed85', '2013-05-24 11:21:18', '\0', '2013-05-24 11:21:18', '17401', 'Augmentum Shanghai');
INSERT INTO `location`(id, created_time, is_expired, updated_time,room, site) VALUES ('ffb40235-c420-11e2-99ca-fa163e30ed85', '2013-05-24 11:21:18', '\0', '2013-05-24 11:21:18', '17402', 'Augmentum Shanghai');
INSERT INTO `location`(id, created_time, is_expired, updated_time,room, site) VALUES ('ffb48a0e-c420-11e2-99ca-fa163e30ed85', '2013-05-24 11:21:18', '\0', '2013-05-24 11:21:18', '17403', 'Augmentum Shanghai');
INSERT INTO `location`(id, created_time, is_expired, updated_time,room, site) VALUES ('ffb5a99d-c420-11e2-99ca-fa163e30ed85', '2013-05-24 11:21:18', '\0', '2013-05-24 11:21:18', '17404', 'Augmentum Shanghai');
INSERT INTO `location`(id, created_time, is_expired, updated_time,room, site) VALUES ('ffb9bb4d-c420-11e2-99ca-fa163e30ed85', '2013-05-24 11:21:18', '\0', '2013-05-24 11:21:18', '17405', 'Augmentum Shanghai');
INSERT INTO `location`(id, created_time, is_expired, updated_time,room, site) VALUES ('ffbde98c-c420-11e2-99ca-fa163e30ed85', '2013-05-24 11:21:18', '\0', '2013-05-24 11:21:18', '17406', 'Augmentum Shanghai');
INSERT INTO `location`(id, created_time, is_expired, updated_time,room, site) VALUES ('ffc1cb6c-c420-11e2-99ca-fa163e30ed85', '2013-05-24 11:21:18', '\0', '2013-05-24 11:21:18', '17407', 'Augmentum Shanghai');
INSERT INTO `location`(id, created_time, is_expired, updated_time,room, site) VALUES ('ffc28f0c-c420-11e2-99ca-fa163e30ed85', '2013-05-24 11:21:18', '\0', '2013-05-24 11:21:18', '17410', 'Augmentum Shanghai');
INSERT INTO `location`(id, created_time, is_expired, updated_time,room, site) VALUES ('ffc343a5-c420-11e2-99ca-fa163e30ed85', '2013-05-24 11:21:18', '\0', '2013-05-24 11:21:18', '18303', 'Augmentum Shanghai');
INSERT INTO `location`(id, created_time, is_expired, updated_time,room, site) VALUES ('ffc3b2b4-c420-11e2-99ca-fa163e30ed85', '2013-05-24 11:21:18', '\0', '2013-05-24 11:21:18', '18304', 'Augmentum Shanghai');
INSERT INTO `location`(id, created_time, is_expired, updated_time,room, site) VALUES ('ffc49235-c420-11e2-99ca-fa163e30ed85', '2013-05-24 11:21:18', '\0', '2013-05-24 11:21:18', '28301', 'Augmentum Shanghai');
INSERT INTO `location`(id, created_time, is_expired, updated_time,room, site) VALUES ('ffc4feaf-c420-11e2-99ca-fa163e30ed85', '2013-05-24 11:21:18', '\0', '2013-05-24 11:21:18', '28302', 'Augmentum Shanghai');
INSERT INTO `location`(id, created_time, is_expired, updated_time,room, site) VALUES ('ffc8cb6a-c420-11e2-99ca-fa163e30ed85', '2013-05-24 11:21:18', '\0', '2013-05-24 11:21:18', '28303', 'Augmentum Shanghai');
INSERT INTO `location`(id, created_time, is_expired, updated_time,room, site) VALUES ('ffc9ab45-c420-11e2-99ca-fa163e30ed85', '2013-05-24 11:21:18', '\0', '2013-05-24 11:21:18', '28304', 'Augmentum Shanghai');
INSERT INTO `location`(id, created_time, is_expired, updated_time,room, site) VALUES ('ffcbb586-c420-11e2-99ca-fa163e30ed85', '2013-05-24 11:21:18', '\0', '2013-05-24 11:21:18', '28305', 'Augmentum Shanghai');
INSERT INTO `location`(id, created_time, is_expired, updated_time,room, site) VALUES ('ffd195e6-c420-11e2-99ca-fa163e30ed85', '2013-05-24 11:21:18', '\0', '2013-05-24 11:21:18', '28306', 'Augmentum Shanghai');
INSERT INTO `location`(id, created_time, is_expired, updated_time,room, site) VALUES ('ffd3d649-c420-11e2-99ca-fa163e30ed85', '2013-05-24 11:21:18', '\0', '2013-05-24 11:21:18', '28401', 'Augmentum Shanghai');
INSERT INTO `location`(id, created_time, is_expired, updated_time,room, site) VALUES ('ffd65ac5-c420-11e2-99ca-fa163e30ed85', '2013-05-24 11:21:18', '\0', '2013-05-24 11:21:18', '28402', 'Augmentum Shanghai');
INSERT INTO `location`(id, created_time, is_expired, updated_time,room, site) VALUES ('ffd7b57d-c420-11e2-99ca-fa163e30ed85', '2013-05-24 11:21:18', '\0', '2013-05-24 11:21:18', '28403', 'Augmentum Shanghai');
INSERT INTO `location`(id, created_time, is_expired, updated_time,room, site) VALUES ('ffdc7956-c420-11e2-99ca-fa163e30ed85', '2013-05-24 11:21:18', '\0', '2013-05-24 11:21:18', '28404', 'Augmentum Shanghai');
INSERT INTO `location`(id, created_time, is_expired, updated_time,room, site) VALUES ('ffe020fb-c420-11e2-99ca-fa163e30ed85', '2013-05-24 11:21:18', '\0', '2013-05-24 11:21:18', '28405', 'Augmentum Shanghai');
INSERT INTO `location`(id, created_time, is_expired, updated_time,room, site) VALUES ('ffe5950a-c420-11e2-99ca-fa163e30ed85', '2013-05-24 11:21:18', '\0', '2013-05-24 11:21:18', '28406', 'Augmentum Shanghai');
INSERT INTO `location`(id, created_time, is_expired, updated_time,room, site) VALUES ('ffe9709b-c420-11e2-99ca-fa163e30ed85', '2013-05-24 11:21:18', '\0', '2013-05-24 11:21:18', '28407', 'Augmentum Shanghai');
INSERT INTO `location`(id, created_time, is_expired, updated_time,room, site) VALUES ('ffeceb07-c420-11e2-99ca-fa163e30ed85', '2013-05-24 11:21:18', '\0', '2013-05-24 11:21:18', '28408', 'Augmentum Shanghai');
INSERT INTO `location`(id, created_time, is_expired, updated_time,room, site) VALUES ('fff02382-c420-11e2-99ca-fa163e30ed85', '2013-05-24 11:21:18', '\0', '2013-05-24 11:21:18', '28409', 'Augmentum Shanghai');
INSERT INTO `location`(id, created_time, is_expired, updated_time,room, site) VALUES ('fff1584d-c420-11e2-99ca-fa163e30ed85', '2013-05-24 11:21:18', '\0', '2013-05-24 11:21:18', 'A4101', 'Augmentum Wuhan');
INSERT INTO `location`(id, created_time, is_expired, updated_time,room, site) VALUES ('fff60e13-c420-11e2-99ca-fa163e30ed85', '2013-05-24 11:21:18', '\0', '2013-05-24 11:21:18', 'A4102', 'Augmentum Wuhan');
INSERT INTO `location`(id, created_time, is_expired, updated_time,room, site) VALUES ('fff686ff-c420-11e2-99ca-fa163e30ed85', '2013-05-24 11:21:18', '\0', '2013-05-24 11:21:18', 'A4103', 'Augmentum Wuhan');
INSERT INTO `location`(id, created_time, is_expired, updated_time,room, site) VALUES ('fff76cf4-c420-11e2-99ca-fa163e30ed85', '2013-05-24 11:21:18', '\0', '2013-05-24 11:21:18', 'A4104', 'Augmentum Wuhan');
INSERT INTO `location`(id, created_time, is_expired, updated_time,room, site) VALUES ('fffa3ec7-c420-11e2-99ca-fa163e30ed85', '2013-05-24 11:21:18', '\0', '2013-05-24 11:21:18', 'A4105', 'Augmentum Wuhan');
INSERT INTO `location`(id, created_time, is_expired, updated_time,room, site) VALUES ('fffa838c-c420-11e2-99ca-fa163e30ed85', '2013-05-24 11:21:18', '\0', '2013-05-24 11:21:18', 'A4106', 'Augmentum Wuhan');
INSERT INTO `location`(id, created_time, is_expired, updated_time,room, site) VALUES ('fffb3880-c420-11e2-99ca-fa163e30ed85', '2013-05-24 11:21:18', '\0', '2013-05-24 11:21:18', 'A4107', 'Augmentum Wuhan');
INSERT INTO `location`(id, created_time, is_expired, updated_time,room, site) VALUES ('fffc9183-c420-11e2-99ca-fa163e30ed85', '2013-05-24 11:21:18', '\0', '2013-05-24 11:21:18', 'A4201', 'Augmentum Wuhan');
INSERT INTO `location`(id, created_time, is_expired, updated_time,room, site) VALUES ('fffd0813-c420-11e2-99ca-fa163e30ed85', '2013-05-24 11:21:18', '\0', '2013-05-24 11:21:18', 'A4202', 'Augmentum Wuhan');
INSERT INTO `location`(id, created_time, is_expired, updated_time,room, site) VALUES ('fffd85d5-c420-11e2-99ca-fa163e30ed85', '2013-05-24 11:21:18', '\0', '2013-05-24 11:21:18', 'A4203', 'Augmentum Wuhan');
INSERT INTO `location`(id, created_time, is_expired, updated_time,room, site) VALUES ('fffdf575-c420-11e2-99ca-fa163e30ed85', '2013-05-24 11:21:18', '\0', '2013-05-24 11:21:18', 'A4204', 'Augmentum Wuhan');
